global_index,fold,paper_id,spec_no,orientation_zone,y_true_log10h,y_pred_log10h,Inv_T_K_value_scaled,Inv_T_K_shap,Gamma_prime_size_value_scaled,Gamma_prime_size_shap,L_value_scaled,L_shap,G_value_scaled,G_shap,SFE_value_scaled,SFE_shap,Misfit_value_scaled,Misfit_shap,cos_001_value_scaled,cos_001_shap,cos_011_value_scaled,cos_011_shap,MultislipPropensity_110_value_scaled,MultislipPropensity_110_shap,Log_RSS_110_value_scaled,Log_RSS_110_shap,stress_MPa_value_scaled,stress_MPa_shap,T_C_value_scaled,T_C_shap
1,0,1988,CMSX2 2,near_001,2.670245885848999,2.732572555541992,-1.593956708908081,-4.832592346857318,-1.2422963380813599,-0.01948113315373107,1.3763453960418701,0.4990363055855913,-1.5982564687728882,0.42987368868660036,1.867343783378601,1.210153100158075,1.038689374923706,-0.5447012632333229,1.1646430492401123,0.5411420202602101,-1.213366985321045,-0.1918399878293475,0.6310831308364868,0.02723773657492778,-1.7565563917160034,2.1141032138161835,-1.6169753074645996,1.2946312995653955,1.634974718093872,0.06474216325300475
9,0,1988,CMSX2 10,interior,2.5403294563293457,2.6084136962890625,-1.593956708908081,-4.850873538412361,0.5146951675415039,0.01072889762306537,1.3763453960418701,0.4299786890220453,-1.5982564687728882,0.4009176724904857,1.867343783378601,1.1731554252455152,1.038689374923706,-0.48160135356891004,1.0400632619857788,0.6010480468859991,-0.23570939898490906,-0.10874834532939129,0.5422621965408325,0.006636876869466085,-1.618475317955017,1.9675456446410746,-1.6169753074645996,1.2932189321777998,1.634974718093872,0.06512188081415463
11,0,1988,CMSX2 12,interior,2.1818435192108154,2.427145004272461,-1.593956708908081,-4.247501982548044,0.5146951675415039,0.015045237370755115,1.3763453960418701,0.26215630249565613,-1.5982564687728882,0.318809430786887,1.867343783378601,0.7432067898248162,1.038689374923706,-0.28894093094625733,-0.00653824582695961,-0.24609116860314026,1.2406768798828125,0.3732500375732176,-1.7334794998168945,-0.049502777174856114,-1.5950779914855957,2.0130412616488877,-1.6169753074645996,1.2677438825318281,1.634974718093872,0.06139296592062562
12,0,1988,CMSX2 13,interior,2.311753749847412,2.362018585205078,-1.593956708908081,-3.7445487861863183,0.5146951675415039,0.006333567622498264,1.3763453960418701,0.31959030045058684,-1.5982564687728882,0.3684802865965121,1.867343783378601,0.6532009910245968,1.038689374923706,-0.25886248408914253,-0.12042248249053955,-0.30230792063305406,0.9309704303741455,0.21986774270385726,-3.735752582550049,-0.1047103713559817,-1.647667646408081,2.0002569661619125,-1.6169753074645996,1.1346398491929912,1.634974718093872,0.06429626072318956
15,0,1988,CMSX2 16,near_111,2.717670440673828,2.587984085083008,-1.593956708908081,-4.382214662092917,0.5146951675415039,-0.011286331696645288,1.3763453960418701,0.38884463774693323,-1.5982564687728882,0.3888146464541593,1.867343783378601,0.6954523882320552,1.038689374923706,-0.2683485299806361,-1.3078052997589111,-0.5487338674941664,0.07917772233486176,0.016712057158240222,0.6800848841667175,0.04395882656286745,-2.1338491439819336,2.8443170763609866,-1.6169753074645996,1.3108984384308693,1.634974718093872,0.06633048255651164
29,0,1988,MXON 3,near_001,2.514547824859619,2.438173294067383,-0.02710333839058876,-0.296127944339619,-2.4136240482330322,-0.21082392957527937,-0.2336682826280594,0.03978814551083204,0.0048679932951927185,0.19998454789768483,-0.3739795386791229,-0.12499781791413983,-0.38923871517181396,0.14340130230099926,1.1699546575546265,0.5375854602455148,-1.2614799737930298,-0.06926689596296466,0.6700553297996521,0.02818503763515566,0.2518123984336853,-0.087885965151083,-0.12667548656463623,0.1612123251873311,-0.07105094939470291,0.045133190219694745
48,0,1988,Alloy454 17,interior,1.3979400396347046,1.5048847198486328,0.8758942484855652,2.317967995408662,1.1003589630126953,0.4298130086201685,-0.1640997976064682,0.04613730447854219,0.3623214364051819,-0.05062269643080693,-1.9048672914505005,-0.6587044371605916,1.1229767799377441,-0.13372018729169616,-0.11015912890434265,-0.3022642709262664,1.340018630027771,0.23933643152369924,-1.3412014245986938,-0.12415185944448252,0.9870264530181885,-1.487086149648593,0.8851596117019653,-0.780038542914779,-0.8387624621391296,-0.0676789551870571
55,0,1988,CMSX2 21,near_111,3.080265522003174,3.251293182373047,0.8758942484855652,2.359072051965597,-2.062225580215454,0.520354535461516,-0.9293531775474548,-0.18268593131987018,0.7826000452041626,-0.0680181714542768,0.07559680193662643,0.11194798027201616,0.2949768006801605,-0.08647749895004488,-1.1880377531051636,-0.327755116718021,-0.1792718768119812,0.18454656761507934,-0.250095009803772,-0.005081676142438319,0.3788032829761505,-0.5465393535190688,0.8537849187850952,-0.7435663204118899,-0.8387624621391296,-0.06774575980063012
84,0,1988,CMSX2 50,interior,1.1760913133621216,1.0007190704345703,0.8758942484855652,2.3947303788586614,0.5146951675415039,0.055015146817088745,-0.9293531775474548,-0.290236881411017,0.7826000452041626,-0.2706760605651199,0.07559680193662643,0.15586991373323056,0.2949768006801605,-0.05115889823266369,-0.5310028791427612,-0.7536357231126357,1.4053168296813965,0.1389086086948257,-0.7514844536781311,-0.12573216096864503,0.8919363021850586,-1.448115133761486,0.8537849187850952,-0.7687413010866296,-0.8387624621391296,-0.06158099241655144
98,0,mackay,M,interior,1.724275827407837,1.6030559539794922,0.7252331972122192,1.8872383238798511,-1.2422963380813599,-0.29315033957844094,-0.9989216923713684,-0.45167867995473115,0.9169158339500427,-0.42252299873804233,-0.3564358949661255,-0.07776057759537187,0.21068938076496124,-0.12942777409603543,1.0715680122375488,0.786978528095436,-0.429883748292923,-0.08413441174876357,0.41868340969085693,0.044672522909959975,0.8992524147033691,-1.022833500755646,0.7518170475959778,-0.5591880777219197,-0.7193406820297241,-0.03835705873860221
99,0,mackay,N,near_001,1.724275827407837,1.730184555053711,0.7252331972122192,2.079533200714756,-1.2422963380813599,-0.15753524659006676,-0.9989216923713684,-0.42854394957109415,0.9169158339500427,-0.378407793485456,-0.3564358949661255,-0.14156264823368706,0.21068938076496124,-0.16626054662838624,1.14961576461792,0.6121182464435588,-1.1263818740844727,-0.12574378463539346,0.5424593687057495,0.04302713674525013,0.7938084006309509,-0.9730137709177906,0.7518170475959778,-0.6157976072332151,-0.7193406820297241,-0.04058549332658359
116,0,Gunturi et al.,CMSX-04 -10,near_011,0.6989700198173523,0.5676364898681641,0.9860336184501648,2.3314223365892834,0.5146951675415039,0.07985044180913588,-0.5616340041160583,-0.10381995857278147,0.8294481039047241,-0.3007594649116468,-1.3516687154769897,-0.770911307786003,-1.7527117729187012,0.1251832163724832,-0.4197356700897217,-0.5967076219497386,1.4922527074813843,-0.5065239787355984,-0.22101417183876038,-0.02847977798884295,0.8147697448730469,-1.2359431055324785,0.736129641532898,-0.6675354426498236,-0.9240637421607971,-0.084473396755462
123,0,G.M. Han et al.,F,interior,2.575187921524048,2.4565563201904297,0.8758942484855652,2.541285227663487,0.5146951675415039,0.028244022782130774,-0.9293531775474548,-0.34708556982653266,0.9515780210494995,-0.3894108086052608,-0.5189195275306702,-0.2847564823256732,-0.8602566719055176,0.350485107246351,0.8509246110916138,0.8857902727062344,-0.05613483488559723,-0.057902001362318274,-0.7755894064903259,-0.04476000273080208,1.0401341915130615,-1.4809531218535696,1.0106585025787354,-0.8491002038454849,-0.8387624621391296,-0.06363723977574492
136,0,G.M. Han et al.,D,interior,2.1105897426605225,2.1230297088623047,-1.5269495248794556,-4.171781064842343,0.5146951675415039,0.017305280975663487,1.237208366394043,0.3788602551438685,-1.400844693183899,0.41642635347386786,1.576807975769043,0.8766012051997621,0.9048210978507996,-0.3280766273059579,0.7834382057189941,0.4824701477019458,0.01664525642991066,-0.06030099799299588,-0.9626398086547852,-0.010513379395150442,-1.1753753423690796,1.455522080777725,-1.4404923915863037,1.0947856769857762,1.5496734380722046,0.07524137900178118
144,0,G.M. Han et al.,L,near_111,2.2455127239227295,2.0452499389648438,-1.5269495248794556,-4.093533624248311,0.5146951675415039,-0.022133860628744166,1.237208366394043,0.3726907293081571,-1.400844693183899,0.3807775736683713,1.576807975769043,0.5717935264853609,0.9048210978507996,-0.23463888500447927,-1.1759607791900635,-0.5445705501264397,0.010777185671031475,0.001305345753990285,-0.11904753744602203,-0.013298584690469519,-1.6828179359436035,2.257118540717717,-1.4404923915863037,1.1378766222465384,1.5496734380722046,0.0674513118992754
145,0,G.M. Han et al.,M,interior,1.7993406057357788,1.9372425079345703,-1.5269495248794556,-3.883307151602429,0.5146951675415039,-0.04455236396153541,1.237208366394043,0.3582237326678448,-1.400844693183899,0.35845300150481046,1.576807975769043,0.5200661645743395,0.9048210978507996,-0.24343056450305953,-0.8660628795623779,-0.46653907804823885,0.2711987793445587,0.0330326521047045,-1.1173442602157593,-0.042127916693891286,-1.527054786682129,1.9793969275671985,-1.4404923915863037,1.1119832215644663,1.5496734380722046,0.07128547647250155
163,0,Lukas et al,Fig2a_CM186LC_1,near_011,1.8129132986068726,1.8323955535888672,-0.02710333839058876,-0.1275201956952549,-0.07096867263317108,-0.03456074986800034,-0.08459294587373734,0.11599772178735514,0.3230557143688202,0.06926508056011976,-0.24461567401885986,0.030557055851653775,-1.3907716274261475,0.3050723856110508,-0.7035918831825256,-0.8839092510313142,1.5247321128845215,-0.017634395103850963,0.6992297768592834,0.11417022110905244,0.18746140599250793,0.05726511447790598,-0.12275364249944687,0.15635605049926832,-0.07105094939470291,0.04203191774456659
170,0,Lukas et al,Fig2a_CMSX4_5,near_011,3.371067762374878,3.1928024291992188,-0.02710333839058876,0.05571852979246174,1.1003589630126953,0.1654102977263032,0.17380429804325104,0.17463326163439918,0.07825426757335663,0.15244823190294882,-0.5049830079078674,-0.12250695508652878,-1.1825320720672607,0.19810957053103706,-0.7035918831825256,-0.698217626749765,1.5247321128845215,0.12305469479534242,0.6992297768592834,0.12000711726547786,-0.2067609578371048,0.4258657205116473,-0.6012182831764221,0.5058793175306433,-0.07105094939470291,0.04004913098844089
186,0,leng et al,D,near_001,2.301029920578003,2.3305320739746094,-1.9143534898757935,-5.5064056668778685,0.5146951675415039,-0.036132733756312437,2.7180233001708984,0.7873314409992714,-2.152850866317749,0.3572702354919609,1.3446415662765503,0.895877962540067,-0.8156338930130005,0.32087110051278583,1.1770075559616089,0.5554152584794227,-1.5349154472351074,-0.15450653636152992,0.6880463361740112,0.03991991128808025,-1.614273190498352,1.889983402878284,-1.5503039360046387,1.1228906272162815,2.06148099899292,0.026863098777279916
2,1,1988,CMSX2 3,interior,2.514547824859619,2.4988784790039062,-1.5360671281814575,-4.393350402465265,-1.2894291877746582,-0.08014048169031668,1.3361248970031738,0.4818991304241779,-1.5421565771102905,0.4329231066017617,1.7669121026992798,0.588910291345277,1.0211968421936035,-0.2025040117080582,0.8966695666313171,0.2946396097309362,0.12009517848491669,0.08451375197295644,0.21667249500751495,-0.013396177587989149,-1.5192950963974,1.9336439619465409,-1.5605028867721558,1.0030848776894699,1.5723297595977783,0.13374904016310196
6,1,1988,CMSX2 7,near_111,2.675778388977051,2.7161026000976562,-1.5360671281814575,-3.9737999603206386,-1.2894291877746582,-0.03822136204393359,1.3361248970031738,0.38097279008212526,-1.5421565771102905,0.32757918208116765,1.7669121026992798,0.33603541164829465,1.0211968421936035,-0.09482312615634939,-1.2877610921859741,-0.472684203144604,0.07835955917835236,0.018855496607723864,0.2891559600830078,-0.013365751737440193,-2.0431318283081055,2.921982572606205,-1.5605028867721558,0.9456489582909217,1.5723297595977783,0.1321574969479296
26,1,1988,Alloy454 9,interior,2.290034532546997,2.326444625854492,-1.0529881715774536,-2.624318130684212,1.0766243934631348,0.07218201863446222,1.3756755590438843,0.38667550285349234,-1.1981279850006104,0.32307135223051886,-0.0025868944358080626,-0.006334655789472311,1.7855552434921265,-0.1590359422846444,-0.8710995316505432,-0.4465148808480449,1.1063885688781738,0.1824200802261906,0.3990857005119324,-0.003954721268531201,-0.9953620433807373,1.5205792023163753,-1.251962423324585,0.7941380889203866,0.9864452481269836,0.058459520569994906
30,1,1988,MXON 5,near_111,3.144885301589966,2.9604434967041016,0.0039138467982411385,-0.19163031342520676,-2.4724559783935547,0.38064442435538853,-0.2656804025173187,0.03643077583670082,0.037866026163101196,0.0839148936846415,-0.38284361362457275,-0.0404764989849925,-0.3990304172039032,0.04440617813962475,-1.2711889743804932,-0.30792678058927764,-0.09477800875902176,0.014569257665875466,-0.14231497049331665,-0.018500412618115046,-0.13506512343883514,0.5479781947346407,-0.09493553638458252,0.19189717065120276,-0.1016259491443634,-0.04908025073339204
41,1,1988,MXON 16,near_111,2.2201080322265625,2.5107955932617188,0.0039138467982411385,-0.329886877745517,-0.5796130895614624,-0.03784669924970889,-0.2656804025173187,0.05405928199214136,0.037866026163101196,0.12931925775340317,-0.38284361362457275,-0.04888628201325448,-0.3990304172039032,0.06138985623730605,-1.4700543880462646,-0.6452809784768383,-0.2927514314651489,-0.004980212274647452,0.39803546667099,-0.009792936400697054,-0.25595822930336,0.8471240993096782,-0.09493553638458252,0.22917783430495922,-0.1016259491443634,-0.046297665941468606
58,1,1988,CMSX2 24,near_111,2.714329719543457,2.7327404022216797,0.8914244771003723,2.1448186518956542,-1.2894291877746582,0.3141203485038847,-0.9578184485435486,-0.24070252067998787,0.8043904900550842,-0.12983489817132474,0.04836561903357506,0.004917374532597332,0.2814951539039612,-0.026480734170415198,-1.0581618547439575,-0.42069579983373745,0.04069896787405014,0.05251361754287712,-0.8709016442298889,0.02451834384236805,0.5189147591590881,-0.7129938333445665,0.8692535161972046,-0.5359752233932398,-0.8549060225486755,-0.04537085564911294
59,1,1988,CMSX2 25,interior,2.5403294563293457,2.4405689239501953,0.8914244771003723,2.3007257372563283,-1.2894291877746582,0.19531477232768754,-0.9578184485435486,-0.2757104976086102,0.8043904900550842,-0.15836873866804527,0.04836561903357506,0.005263021935137149,0.2814951539039612,-0.03041548563811768,-1.0457971096038818,-0.4824116001009213,0.22941923141479492,0.06675873837349211,-0.5685306787490845,-0.00400361264641288,0.5869399309158325,-0.8716145198985714,0.8692535161972046,-0.5803950919491122,-0.8549060225486755,-0.06301660970118363
63,1,1988,CMSX2 29,interior,1.278753638267517,1.3507747650146484,0.8914244771003723,2.209411181749011,-1.2894291877746582,-0.25508179777629986,-0.9578184485435486,-0.3581005603937794,0.8043904900550842,-0.2868049432409567,0.04836561903357506,0.05728034378135407,0.2814951539039612,-0.029806625656178545,0.2812953591346741,0.018990610105209617,0.7045233845710754,-0.07456024905028091,-2.405315399169922,-0.07740478442483534,0.9969704151153564,-1.549033191081782,0.8692535161972046,-0.5741514654717959,-0.8549060225486755,-0.04942605537141351
78,1,1988,CMSX2 44,interior,1.3617278337478638,1.3782997131347656,0.8914244771003723,2.095010715102581,0.48511096835136414,-0.08905082413392812,-0.9578184485435486,-0.3275053560675124,0.8043904900550842,-0.2010248029269411,0.04836561903357506,0.020507467872477703,0.2814951539039612,-0.0553021451005706,-0.90947026014328,-0.7819592934322952,0.3178245425224304,0.08363504876300558,-1.0437558889389038,-0.08180033673461602,0.643051028251648,-0.9273215545284289,0.8692535161972046,-0.5459485086525376,-0.8549060225486755,-0.0547068926011927
87,1,mackay,MARM 247 01,near_001,2.2528529167175293,1.9721717834472656,0.7433474063873291,2.0644798405515097,-2.1175479888916016,-0.10376660859300077,-1.0270322561264038,-0.4681907845939128,0.9367707371711731,-0.3572556669593618,-0.3660167157649994,-0.11485957962741711,0.19766229391098022,-0.019008501933446567,1.1430449485778809,0.262868477838248,-1.232240915298462,0.11727205534817096,0.692131757736206,-0.0372449826425837,0.7817434668540955,-1.0132341096308775,0.7689778804779053,-0.5086476502552105,-0.7377291321754456,-0.06514386502753912
94,1,mackay,I,near_011,-0.3010300099849701,-0.014829635620117188,0.7433474063873291,1.6302107834095596,-1.2894291877746582,-0.258522102682771,-1.0270322561264038,-0.3857538710382077,0.9367707371711731,-0.36131836499556386,-0.3660167157649994,-0.09322097051969547,0.19766229391098022,-0.02469862035213803,-0.5989314317703247,-0.4399830470439026,1.4163812398910522,-0.6793379894219861,-0.5479259490966797,-0.005519989069903593,0.8310065865516663,-1.1717007988100774,0.7689778804779053,-0.46252930398560266,-0.7377291321754456,-0.05129098832668534
107,1,mackay,V,near_001,2.149219036102295,2.1614532470703125,0.7433474063873291,1.9825549779204308,0.48511096835136414,-0.0006821119510028817,-1.0270322561264038,-0.4635935788151198,0.9367707371711731,-0.34512357903884827,-0.3660167157649994,-0.10075513070555076,0.19766229391098022,-0.03188381603041132,1.1480066776275635,0.6838295829297572,-1.3569488525390625,-0.28166878120249655,0.692131757736206,0.0013103482814603735,0.7607143521308899,-1.0162148852925939,0.7689778804779053,-0.48258704870992125,-0.7377291321754456,-0.05923653777386871
114,1,Gunturi et al.,CMSX-04 -8,interior,1.6020599603652954,1.318410873413086,0.999674916267395,2.3246389274255206,0.48511096835136414,-0.0025640105277172655,-0.5919740796089172,-0.08994675506022064,0.8505634665489197,-0.18552439467494122,-1.3205900192260742,-0.38102963226457204,-1.7551501989364624,0.08995250489331212,-0.5373349785804749,-0.5348922628149326,1.0960493087768555,-0.5223238605921277,-1.4678393602371216,-0.03319549539874885,0.7531403303146362,-1.1888150388479317,0.5799968242645264,-0.3849825998861829,-0.9386037588119507,-0.07271465628324715
122,1,G.M. Han et al.,E,interior,2.5171959400177,2.5914783477783203,0.8914244771003723,2.540254080900662,0.48511096835136414,0.0795964628193967,-0.9578184485435486,-0.4095969310387531,0.9709333777427673,-0.3411795465941825,-0.5218622088432312,-0.20682006023004704,-0.8675081729888916,0.2160704618569023,0.9060415029525757,0.6501149870281202,-0.048230718821287155,0.038601536774250815,-0.1700381338596344,0.006503282715477865,1.0625766515731812,-1.5443434020352422,1.0235238075256348,-0.6894014107408681,-0.8549060225486755,-0.05123125395271739
137,1,G.M. Han et al.,E,interior,2.1003706455230713,2.0745506286621094,-1.4702091217041016,-3.810063241962715,0.48511096835136414,0.0028298418725318164,1.1976972818374634,0.4282921472340163,-1.3475896120071411,0.35793431431401374,1.488245964050293,0.39791625439644057,0.8880505561828613,-0.16551444417587413,0.9608476161956787,0.34963971281969786,-0.1883922815322876,-0.0094153891946832,0.03226826712489128,-0.016532143946714012,-1.1127922534942627,1.3020250142348704,-1.386948823928833,0.8102245768658544,1.4886319637298584,0.11085091582261991
148,1,G.M. Han et al.,P,interior,1.8129132986068726,1.8929691314697266,-1.4702091217041016,-3.4934844565873355,0.48511096835136414,-0.005795118206767186,1.1976972818374634,0.36210444384960583,-1.3475896120071411,0.32676562800936126,1.488245964050293,0.21053260219889,0.8880505561828613,-0.07895253550315051,-0.3643622100353241,-0.37936314141920613,0.8350546956062317,0.19539868458201137,-2.7686333656311035,-0.00621595256447861,-1.200180172920227,1.6778923809533535,-1.386948823928833,0.8507980829401767,1.4886319637298584,0.10154740552032415
154,1,G.M. Han et al.,[111],near_111,2.267171621322632,2.455944061279297,-1.4702091217041016,-3.6720291496216704,0.48511096835136414,-0.020580637399778858,1.1976972818374634,0.3366378707608828,-1.3475896120071411,0.2899849394127924,1.488245964050293,0.2199589856494009,0.8880505561828613,-0.09689212417279316,-1.6026885509490967,-0.4388838151543791,-0.4564002454280853,-0.07631143605139724,0.692131757736206,0.04055138997621627,-1.886400818824768,2.6943655969090146,-1.386948823928833,0.8618954320381191,1.4886319637298584,0.11657203013681705
165,1,Lukas et al,Fig2a_CM186LC_3,near_011,3.2704458236694336,3.100475311279297,0.0039138467982411385,0.31337056692445,-0.10640240460634232,-0.06545223940203347,-0.11736508458852768,0.07068741644448247,0.3514684736728668,0.014618020730665647,-0.2587648034095764,-0.051059562667380154,-1.3951619863510132,0.17841484571435381,-0.7569612860679626,-0.6172068589355354,1.4843679666519165,-0.054874253312406314,0.692131757736206,0.06919106545026085,-0.2924284338951111,0.49890503211187764,-0.6773057579994202,0.5188718784761023,-0.1016259491443634,-0.06785370577617726
177,1,Lukas et al,Fig2b_CMSX4_2,near_111,1.8633228540420532,2.050443649291992,0.0039138467982411385,0.06718011899531512,1.0766243934631348,-0.01988276577260988,0.13971476256847382,0.14519430952511597,0.11019475758075714,0.06695450912607391,-0.508495032787323,-0.08034683248717453,-1.1880455017089844,0.15621906209940165,-1.6026513576507568,-0.7510505514014391,-0.45644286274909973,-0.04625894870824604,0.692131757736206,0.08411788594125358,-0.1018250435590744,0.344831910863909,0.2945968508720398,-0.18426521496406875,-0.1016259491443634,-0.04699936404193659
187,1,leng et al,E,interior,2.352182626724243,2.006814956665039,-1.8509689569473267,-5.121080586637013,0.48511096835136414,-0.004887782224488647,2.6709625720977783,0.6896820544704018,-2.088758945465088,0.23330922345459734,1.2655645608901978,0.45053391251979813,-0.8231260776519775,0.2165565903803546,1.0916757583618164,0.3684020151846176,-1.0377037525177002,-0.11379942515662657,0.3924647569656372,-0.006651237503642758,-1.4682093858718872,1.8762676290540008,-1.4949380159378052,0.9663218788253807,1.9908186197280884,0.17146152119798144
4,2,1988,CMSX2 5,interior,2.2810332775115967,2.289243698120117,-1.5045945644378662,-4.827723137843553,-1.22870934009552,-0.022478770907671218,1.3011338710784912,0.4923700527826958,-1.510581135749817,0.5324506148996353,1.7477515935897827,0.7548863001823242,1.0454286336898804,-0.26087612083298073,-0.49381592869758606,-0.23309240050641886,0.8724948763847351,0.006812372141921764,-2.09710955619812,-0.12315503223809385,-1.6343421936035156,1.972669764318826,-1.538074254989624,1.7511989720073522,1.536948323249817,0.10128704998563362
10,2,1988,CMSX2 11,interior,2.703291416168213,2.563671112060547,-1.5045945644378662,-4.06685233181137,0.5265896916389465,-0.02396214326077885,1.3011338710784912,0.4061707698876902,-1.510581135749817,0.4220488947107379,1.7477515935897827,0.6539452679938772,1.0454286336898804,-0.22750750276327067,0.9339755177497864,0.30774212036940746,-0.020606599748134613,-0.017843621267288695,0.021409187465906143,0.015128147687522344,-1.499105453491211,1.4039910449991433,-1.538074254989624,1.480250130986387,1.536948323249817,0.08708463738466285
21,2,1988,Alloy454 4,interior,2.285557270050049,2.4232139587402344,-1.0236947536468506,-2.757331380030422,1.1116893291473389,0.07090301224794543,1.3399736881256104,0.4240201883340886,-1.1695644855499268,0.37969363718687094,-0.04300612211227417,0.0032543364293334464,1.8320375680923462,-0.36745023332176885,0.6859394311904907,0.24865772802112507,0.6733602285385132,0.06026865232840316,0.5092068314552307,0.01579062824142669,-0.7622504234313965,0.8067276677218135,-1.2290596961975098,1.289866964201517,0.955289363861084,0.05563452270886002
22,2,1988,Alloy454 5,interior,2.5314788818359375,2.1622543334960938,-1.0236947536468506,-2.9011590699584184,1.1116893291473389,0.042372081726737544,1.3399736881256104,0.5062843527892426,-1.1695644855499268,0.4383929124381343,-0.04300612211227417,0.005859846160587649,1.8320375680923462,-0.306433430518137,-0.13102054595947266,-0.16906925929734995,1.2578250169754028,0.11223525834038924,-2.255239963531494,-0.10365456089542059,-0.8114985823631287,1.0031191543857367,-1.2290596961975098,1.3546691242352198,0.955289363861084,0.060433450120452446
49,2,1988,Alloy454 18,interior,1.278753638267517,1.3688030242919922,0.9119467735290527,2.286142526480961,1.1116893291473389,-0.11261075723249588,-0.20390905439853668,0.05494280701432363,0.4048267900943756,-0.03392044505446373,-1.9138163328170776,-0.36527473058190524,1.1317018270492554,-0.1742377794044985,-0.1696562021970749,-0.2703979504251276,0.888893187046051,-0.20100153620915207,-3.7769978046417236,-0.04928531705701924,0.9680452346801758,-1.0822386593028304,0.9263163805007935,-0.7949937980524588,-0.8727817535400391,-0.05777973204612577
64,2,1988,CMSX2 30,interior,2.5352940559387207,2.456186294555664,0.9119467735290527,2.0771221289633544,-1.22870934009552,-0.20407366991334996,-0.9515755772590637,-0.3255954352359234,0.815422534942627,-0.26562444997565265,0.00855853408575058,0.1721379026676101,0.2841941714286804,-0.10515285286209547,1.0303130149841309,0.6415814821188985,-0.4919605851173401,-0.039210551577482516,0.14459024369716644,0.008490864211481422,0.958999514579773,-0.8988111083581112,0.8954149484634399,-0.709351375315989,-0.8727817535400391,-0.04743066396227043
74,2,1988,CMSX2 40,interior,2.684845447540283,2.451597213745117,0.9119467735290527,2.1643028798648736,0.5265896916389465,0.02097970345595128,-0.9515755772590637,-0.3708265513418607,0.815422534942627,-0.2633637704616551,0.00855853408575058,0.14163915447055003,0.2841941714286804,-0.1197146202761325,0.6467552185058594,0.44561832448068506,0.17156891524791718,0.07365309593440743,-1.2737387418746948,-0.08819507112251321,0.9889754056930542,-0.9426868362999835,0.8954149484634399,-0.6797338144575714,-0.8727817535400391,-0.05057949442844896
83,2,1988,CMSX2 49,interior,1.3222192525863647,1.1804161071777344,0.9119467735290527,2.2834181081640033,0.5265896916389465,-0.02334902316318519,-0.9515755772590637,-0.5213462717960698,0.815422534942627,-0.4078151184348322,0.00855853408575058,0.13420225755363424,0.2841941714286804,-0.08288626992817175,-0.7291508316993713,-0.73017151445065,1.0070650577545166,-0.015816317098945924,-0.569321870803833,-0.044137568182954175,0.859350860118866,-0.9729611358483394,0.8954149484634399,-0.7863905210170615,-0.8727817535400391,-0.057905177596094065
92,2,mackay,F,interior,2.139878988265991,2.1087207794189453,0.7645375728607178,1.8328661416220118,-1.22870934009552,0.31526194014366654,-1.0195451974868774,-0.33324001082293675,0.9466438293457031,-0.2614234119363478,-0.4108021557331085,-0.1089412625004418,0.19792094826698303,-0.04603204459669463,-0.7260659337043762,-0.13652479874362858,0.2785786986351013,-0.20880891523537412,-1.976436972618103,0.3101444582770855,0.6298905611038208,-0.5999260930985525,0.7949852347373962,-0.681848039116002,-0.7564499378204346,-0.04037490403516219
93,2,mackay,H,interior,0.0,-0.0354461669921875,0.7645375728607178,1.5066560476819766,-1.22870934009552,-0.31254442146850125,-1.0195451974868774,-0.43429927232206467,0.9466438293457031,-0.4628459175114516,-0.4108021557331085,-0.12517306755337831,0.19792094826698303,-0.022635549004448006,-0.2773101329803467,-0.4014062906314392,1.4474128484725952,-0.5348157408518784,-0.5468258261680603,0.005288016235020057,0.9019210934638977,-0.8675237113498596,0.7949852347373962,-0.6245925774389263,-0.7564499378204346,-0.037181493374378725
108,2,1988,CMSX-4 01,near_001,3.2787535190582275,3.1872081756591797,0.9119467735290527,2.3208424738027453,-0.7606295347213745,-0.05309500605481758,-0.5146275758743286,-0.09722353343399245,0.7905539870262146,-0.17080037124259473,-1.2996559143066406,-0.45030194470145296,-1.7508392333984375,0.44954383474798343,1.1505627632141113,0.28272247350368934,-1.5967082977294922,0.45753825002519705,0.6871148347854614,-0.08923697847946582,0.7892331480979919,-0.7672335138174893,0.8954149484634399,-0.7525505697750173,-0.8727817535400391,-0.05208182383922447
111,2,1988,CMSX-4 05,near_111,3.255272388458252,3.1781349182128906,0.9119467735290527,2.354180520708717,-2.1648688316345215,0.23640401197266533,-0.5146275758743286,-0.05687860706652256,0.7905539870262146,-0.13586230702391144,-1.2996559143066406,-0.2996359963193019,-1.7508392333984375,0.26618672485099387,-1.5578441619873047,-0.2500945567436185,-0.42962875962257385,0.07792388434160537,0.6871148347854614,-0.08343137613065098,0.23256218433380127,-0.1433360574507412,0.8954149484634399,-0.8410185369050299,-0.8727817535400391,-0.05370406374055129
113,2,Gunturi et al.,CMSX-04 -7,interior,2.0413928031921387,1.9162120819091797,1.0197088718414307,2.9685559942997624,0.5265896916389465,-0.10569559885390518,-0.5923072099685669,-0.2154062696855613,0.8611912727355957,-0.3091103644592559,-1.3768436908721924,-0.5015985461015795,-1.8117378950119019,0.40215643416158414,-0.9610834717750549,-0.3409222246705508,0.6630425453186035,-0.18167018073443855,-0.03689206391572952,-0.00416356035728244,0.6829752922058105,-0.919207893419721,0.7795345187187195,-0.9023762272886061,-0.9558758735656738,-0.06571456072021599
124,2,G.M. Han et al.,G,interior,2.5132176876068115,2.295440673828125,0.9119467735290527,2.0503260946281605,0.5265896916389465,0.04796343946368698,-0.9515755772590637,-0.38375901836532506,0.9805074334144592,-0.3953995615383281,-0.5685200095176697,-0.1786602590676872,-0.8982565999031067,0.2532570054124566,0.710453450679779,0.5618019018146633,0.4991983473300934,0.09032707704226656,-0.5046321153640747,-0.010711323833609008,1.1297601461410522,-1.046760636038063,1.049922227859497,-0.7856921476403983,-0.8727817535400391,-0.05033442853478123
126,2,G.M. Han et al.,I,interior,2.0718820095062256,1.9204330444335938,0.9119467735290527,2.5163353582598167,0.5265896916389465,-0.019249688705683478,-0.9515755772590637,-0.4201006460672172,0.9805074334144592,-0.4163790744797702,-0.5685200095176697,-0.2720835547463937,-0.8982565999031067,0.27220556539546964,0.5152866840362549,0.3386776852012855,0.2942614257335663,0.025674450272001423,-1.5892319679260254,-0.0884612724486624,1.0533757209777832,-1.1793484448246692,1.049922227859497,-0.9131424063290219,-0.8727817535400391,-0.06050078567017421
143,2,G.M. Han et al.,K,near_111,2.267171621322632,2.064603805541992,-1.4390336275100708,-4.183289838684059,0.5265896916389465,-0.033987684217977515,1.1651945114135742,0.4392782181162216,-1.3177175521850586,0.42954122216729645,1.4657374620437622,0.5101506013274273,0.9084064364433289,-0.19811612593651584,-1.3128565549850464,-0.5588876395342264,-0.13258984684944153,-0.03293788037238567,0.08771753311157227,0.03403072073105663,-1.6709874868392944,1.9351989372486351,-1.3642535209655762,1.4402260199745747,1.4538542032241821,0.09550727505035386
146,2,G.M. Han et al.,N,near_011,1.8195439577102661,2.0061798095703125,-1.4390336275100708,-4.231458456963537,0.5265896916389465,-0.024004882447277075,1.1651945114135742,0.41449525173008417,-1.3177175521850586,0.41911913639993176,1.4657374620437622,0.5499881022236861,0.9084064364433289,-0.21767637040108512,-0.4444692134857178,-0.24852072346315934,1.5035947561264038,0.12259574846087569,0.3393649160861969,0.02695771315551249,-1.1985493898391724,1.3730469471625053,-1.3642535209655762,1.4550686658568281,1.4538542032241821,0.09396470720142046
169,2,Lukas et al,Fig2a_CMSX4_4,near_011,3.2137832641601562,3.0807571411132812,0.028439613059163094,0.1467771011305178,1.1116893291473389,0.14396055705577515,0.1262294054031372,0.22049590805664024,0.1273042857646942,0.14757129643236971,-0.5549921989440918,-0.22242997575795279,-1.2281248569488525,0.2734553405912981,-0.7260659337043762,-0.6361016933682511,1.52690589427948,0.0008660109022129814,0.6871148347854614,0.0540189695481787,-0.07437237352132797,0.23591219986233214,-0.45652347803115845,0.544838698776024,-0.12493448704481125,0.004118315795509603
178,2,Lukas et al,Fig2b_CMSX4_3,near_111,1.913813829421997,1.985006332397461,0.028439613059163094,-0.015674541416084046,1.1116893291473389,0.018778430092125622,0.1262294054031372,0.22441458235030481,0.1273042857646942,0.132524238808069,-0.5549921989440918,-0.19469535049528713,-1.2281248569488525,0.32899180178271914,-1.557442307472229,-0.6964188970468467,-0.43010157346725464,0.005532637071816045,0.6871148347854614,0.08024090756902996,-0.07208118587732315,0.28037530293244145,0.31987544894218445,-0.2909116796720516,-0.12493448704481125,0.006148103745666527
13,3,1988,CMSX2 14,interior,2.4116196632385254,2.5390701293945312,-1.479949951171875,-4.053127823129208,0.5252161622047424,-0.049216863009552185,1.2753545045852661,0.29768555774459765,-1.4825527667999268,0.2400721674521201,1.7164720296859741,0.42789324336854717,1.0145463943481445,-0.22458139609019148,-0.9411271810531616,-0.4358820643919812,0.6495108604431152,0.08412185162608367,0.09811786562204361,-0.02355566666637801,-1.7380110025405884,2.1927560980663277,-1.50947904586792,1.5969329360915072,1.5104068517684937,0.21696142483912453
23,3,1988,Alloy454 6,interior,2.4082400798797607,2.5608997344970703,-1.0045678615570068,-2.4283720227222174,1.0968343019485474,-0.033192370475341605,1.3139053583145142,0.38182077220714883,-1.1454124450683594,0.24971018860901734,-0.04494711011648178,-0.03142777300782032,1.785491704940796,-0.2952533978286137,0.4313722848892212,0.15037334632492275,0.5078935623168945,0.10448578084067375,-2.2827720642089844,0.0538645740499791,-0.7848512530326843,0.8835003329207274,-1.2045881748199463,1.2416552275520518,0.9353175759315491,0.007134561884937429
32,3,1988,MXON 7,near_001,2.591064691543579,2.5881919860839844,0.03549468517303467,0.37033999814921903,-0.5036964416503906,-0.0653118370716888,-0.2859569787979126,-0.03395477193822443,0.06583413481712341,0.09017395330176763,-0.4234675168991089,-0.1982559340877469,-0.4179196357727051,0.12626951234955075,1.1886866092681885,0.7315125400080924,-1.5815783739089966,-0.2863546778496669,0.702674150466919,0.029952381510377157,0.27823173999786377,-0.3321588832860225,-0.06124720349907875,0.09914564267073449,-0.13270549476146698,-0.14490094624821914
33,3,1988,MXON 8,near_001,2.5820634365081787,2.606334686279297,0.03549468517303467,0.3762356079650443,-0.5036964416503906,-0.045771106367034055,-0.2859569787979126,-0.04541025986665666,0.06583413481712341,0.0882935203446816,-0.4234675168991089,-0.2012472249839475,-0.4179196357727051,0.10506241648651518,1.189684510231018,0.6964988634011529,-1.4950910806655884,-0.27146454474057974,0.7079724073410034,0.01871306810629312,0.2717589735984802,-0.3222057067946945,-0.06124720349907875,0.0630648914190898,-0.13270549476146698,-0.13990013643490756
51,3,1988,Alloy454 21,interior,1.556302547454834,1.5464859008789062,0.9088647365570068,3.014443405185846,1.0968343019485474,-0.035711785732911526,-0.21849289536476135,0.03776471941634063,0.41108256578445435,-0.026852582785897264,-1.8851072788238525,-0.46570078310007046,1.0991017818450928,-0.2623891801162562,-0.2771206200122833,-0.4138145297263041,0.13636131584644318,0.03152100775421607,-0.14316953718662262,-0.05802897076054591,0.762580931186676,-1.2273133477301632,0.9220259785652161,-1.2367551571741882,-0.8721060752868652,-0.1048805021568388
67,3,1988,CMSX2 33,interior,2.892094612121582,2.557394027709961,0.9088647365570068,2.669522962478016,-1.1896382570266724,-0.1944390545871271,-0.9605976939201355,-0.3771980934521374,0.8170110583305359,-0.23015674407867223,0.00577274477109313,0.11559806690693833,0.2684703469276428,-0.14013644261021838,1.0219463109970093,0.7415784831477363,-0.12161091715097427,-0.0022408360725205212,0.6943857669830322,0.03469414849075881,1.0082768201828003,-1.3175365346335495,0.8915368914604187,-1.0742190638947153,-0.8721060752868652,-0.05650502473519294
69,3,1988,CMSX2 35,near_011,0.4771212637424469,0.4053325653076172,0.9088647365570068,2.0502086885350965,-1.1896382570266724,-0.2545949057774666,-0.9605976939201355,-0.14660051025914655,0.8170110583305359,-0.10288611113296907,0.00577274477109313,0.043321954945295074,0.2684703469276428,-0.07369860687537667,-0.6268536448478699,-0.7202160814034404,1.46927809715271,-0.46158451269854034,0.12399504333734512,-0.0208761991380472,0.8692142367362976,-1.287890603432149,0.8915368914604187,-1.046133208151344,-0.8721060752868652,-0.038413561617405556
71,3,1988,CMSX2 37,near_001,2.880241870880127,2.7548675537109375,0.9088647365570068,3.1838542343961183,0.5252161622047424,-0.012490438857341038,-0.9605976939201355,-0.4928366128901947,0.8170110583305359,-0.2643543101319634,0.00577274477109313,-0.0004539148829514356,0.2684703469276428,-0.17402020394397405,1.1579557657241821,0.9943339458795585,-1.0310862064361572,-0.2454756201188523,0.5614437460899353,0.004522367752923317,0.8965310454368591,-1.3348425335523932,0.8915368914604187,-1.112525098726263,-0.8721060752868652,-0.08769511036504941
82,3,1988,CMSX2 48,near_111,1.556302547454834,1.668701171875,0.9088647365570068,3.5475471216472436,0.5252161622047424,-0.18979422955768496,-0.9605976939201355,-0.5598684419564733,0.8170110583305359,-0.33425750238305135,0.00577274477109313,-0.08524998984224771,0.2684703469276428,-0.1487369924891737,-1.3881845474243164,-0.5444590159801176,-0.19037757813930511,-0.12028262241571831,0.5797248482704163,-0.014409928363938564,0.3947407305240631,-0.8600779235696421,0.8915368914604187,-1.3172816449927884,-0.8721060752868652,-0.08949864609963588
95,3,mackay,J,interior,1.1461280584335327,1.7127571105957031,0.7631469368934631,2.310605950374075,-1.1896382570266724,-0.08564985256786674,-1.0280617475509644,-0.5307950471490261,0.9467407464981079,-0.3771486984842896,-0.406717449426651,-0.19627392515617592,0.18391506373882294,-0.15146837236269772,1.1283371448516846,0.7131988916871586,-0.9577096104621887,-0.22186897236860667,0.6097108721733093,0.04023920216940774,0.852776050567627,-1.095652371998216,0.7924473881721497,-0.8913945848349217,-0.7570881843566895,-0.08271835168266367
106,3,mackay,U,near_001,2.037426471710205,1.9416484832763672,0.7631469368934631,2.7709659673689293,0.5252161622047424,-0.08619726960460174,-1.0280617475509644,-0.7163226384702903,0.9467407464981079,-0.47689953953515496,-0.406717449426651,-0.19704299004157239,0.18391506373882294,-0.14699062098885815,1.1889287233352661,0.8046291928707318,-1.4548170566558838,-0.30521665685274096,0.711218535900116,0.03838468971019291,0.7810564637184143,-1.1609082327037745,0.7924473881721497,-1.0145409085660853,-0.7570881843566895,-0.09232471781659052
112,3,Gunturi et al.,CMSX-04 -6,interior,2.0718820095062256,1.7217273712158203,1.015390396118164,2.870886021504969,0.5252161622047424,0.03327790054039888,-0.6040018796920776,-0.162900659379447,0.8622595071792603,-0.18847509315852387,-1.3569320440292358,-0.6869288837269661,-1.7857258319854736,0.3575727807295538,0.08787008374929428,-0.24535525714471457,0.30516770482063293,0.030627591304819436,-1.146874189376831,-0.08794418410731321,0.8830971717834473,-1.3885250255445407,0.8915368914604187,-1.0601564370069674,-0.9542616605758667,-0.03452231049445465
121,3,G.M. Han et al.,D,interior,2.4698219299316406,2.4758949279785156,0.9088647365570068,3.28452604871292,0.5252161622047424,-0.0007547168590688225,-0.9605976939201355,-0.5275429338856154,0.9802193641662598,-0.376008676740771,-0.5618513226509094,-0.2955502075016571,-0.8904345035552979,0.34630460531485596,1.037439227104187,0.9318427468304362,-0.42005839943885803,-0.16997264767309375,0.06306663900613785,-0.016103638837169712,1.046258568763733,-1.5343843080084816,1.0439823865890503,-1.3653648347508338,-0.8721060752868652,-0.10858631956729718
125,3,G.M. Han et al.,H,interior,1.9684829711914062,2.097665786743164,0.9088647365570068,2.906323949036169,0.5252161622047424,-0.013895224600138931,-0.9605976939201355,-0.49543188481868355,0.9802193641662598,-0.4027651723913793,-0.5618513226509094,-0.2802143157037498,-0.8904345035552979,0.32209552754180243,0.6364263296127319,0.6285666454054452,0.40172260999679565,0.10904360421806623,-1.3532534837722778,-0.07961379679989317,1.1041653156280518,-1.6238150732950305,1.0439823865890503,-1.2778071961147808,-0.8721060752868652,-0.06497311515393014
140,3,G.M. Han et al.,H,interior,2.3283796310424805,2.266569137573242,-1.415141224861145,-3.9463299219493297,0.5252161622047424,0.004669082386944449,1.1404262781143188,0.33210163556713146,-1.2918814420700073,0.26568038967788526,1.4390783309936523,0.4720524394430465,0.8802527785301208,-0.26192888746828,0.5842779874801636,0.32843400418310154,0.48059895634651184,0.09508905793177641,-1.4902129173278809,-0.010814578103558868,-1.0187565088272095,1.1344849275722826,-1.3379778861999512,1.3808752996037728,1.4282512664794922,0.22380609031313436
149,3,G.M. Han et al.,Q,interior,1.9590413570404053,1.9408683776855469,-1.415141224861145,-3.814972413625993,0.5252161622047424,-0.06483305251961491,1.1404262781143188,0.3173076503016138,-1.2918814420700073,0.2637962098826863,1.4390783309936523,0.327515112020513,0.8802527785301208,-0.19652082697009887,-0.8181193470954895,-0.48810693074876094,0.9006674289703369,0.19591421375828375,-0.016239577904343605,-0.028229225184831837,-1.2277199029922485,1.5141641465173046,-1.3379778861999512,1.4308903360796787,1.4282512664794922,0.17691137569332638
156,3,Wang et al.,SC 2,near_011,1.541579246520996,1.6320629119873047,-0.39180800318717957,-0.6960617845388261,0.5252161622047424,0.07645905362670773,0.5814383029937744,0.14238180497176647,-0.3824657201766968,0.11706952186540494,-0.7476676106452942,-0.18792637086288264,-1.5867722034454346,0.1814688534744054,-0.6989846229553223,-0.5382369700662523,1.4969193935394287,0.1105310347378245,0.711218535900116,0.013474887416021201,0.08617717772722244,-0.14100271747817847,-0.2708597183227539,0.38162012797242784,0.2780725955963135,-0.1097084437131665
167,3,Lukas et al,Fig2a_CMSX4_2,near_011,2.2966651916503906,2.3830604553222656,0.03549468517303467,0.44077471678822894,1.0968343019485474,0.16980285584795213,0.10918975621461868,0.0991394973416245,0.13671468198299408,0.06364279831365675,-0.5485451817512512,-0.14813634780957902,-1.2137341499328613,0.22121154876433807,-0.6989846229553223,-0.6594974331603336,1.4969193935394287,0.23255472321310428,0.711218535900116,0.026564954245801107,0.2470839023590088,-0.3487982995028142,-0.05743606761097908,0.04432257614256633,-0.13270549476146698,-0.12897627268016423
174,3,Lukas et al,Fig2b_CM186LC_5,near_111,3.0569047927856445,3.0432605743408203,0.03549468517303467,0.6037753375152648,-0.046401940286159515,-0.09263635368726772,-0.1413910984992981,-0.011678631551064482,0.3731575608253479,-0.027621143976635933,-0.299955278635025,-0.1585567836272265,-1.4226354360580444,0.41077906597703273,-1.5363401174545288,-0.48630299517794257,-0.4754166603088379,-0.09580636421867661,0.711218535900116,0.006192901695976218,-0.43406978249549866,0.5787709916763091,-0.232748344540596,0.20489173832191085,-0.13270549476146698,-0.13093141934665614
0,4,1988,CMSX2 1,near_001,2.848189115524292,2.7850780487060547,-1.545621633529663,-5.183993038359404,-1.224415898323059,-0.06111598591127345,1.3511406183242798,0.4422417128515905,-1.5626739263534546,0.9139417503014872,1.7681872844696045,1.108824005573488,1.0541642904281616,-0.45500915730753866,1.1570487022399902,0.4161384627127925,-1.4586589336395264,-0.16595295124612902,0.7028965353965759,-0.02966247171466544,-1.748259425163269,2.1335035922002565,-1.573667049407959,1.647543773298009,1.5812690258026123,-0.3140836637796944
14,4,1988,CMSX2 15,interior,2.5820634365081787,2.4505043029785156,-1.545621633529663,-4.424829390320063,0.5296057462692261,-0.05017122900182443,1.3511406183242798,0.5349003641244688,-1.5626739263534546,0.6059450238759809,1.7681872844696045,0.6796101401414311,1.0541642904281616,-0.2027250251085654,-0.781130313873291,-0.4274688622225761,0.3612668514251709,0.0711071634929269,-1.4579435586929321,-0.05715191201887136,-1.8690017461776733,2.3265733950814793,-1.573667049407959,1.55708542844156,1.5812690258026123,-0.3031076334955076
20,4,1988,Alloy454 3,interior,2.39445161819458,2.6271514892578125,-1.0619720220565796,-3.6475527232326583,1.1142796277999878,0.10972425802015084,1.3906890153884888,0.5577938725529735,-1.217085838317871,0.7639143984573211,-0.011085611768066883,0.06401088492557694,1.8247708082199097,-0.4985914826189856,0.6522568464279175,0.24524235884392687,0.6490668654441833,0.30227004203246066,-0.2645261883735657,0.0139140373442915,-0.7897216081619263,1.1411374987873704,-1.2635804414749146,1.4503404221870926,0.9948201179504395,-0.14008626100035249
25,4,1988,Alloy454 8,interior,2.4297523498535156,2.5085926055908203,-1.0619720220565796,-2.9700604607769048,1.1142796277999878,-0.02666573681458799,1.3906890153884888,0.6446969530148369,-1.217085838317871,0.5219874925979632,-0.011085611768066883,-0.01635000978004407,1.8247708082199097,-0.28502439993621503,-0.6188328862190247,-0.37095631986550825,0.4406130611896515,0.07075243411935236,-2.075667381286621,0.016407275802740835,-1.102738380432129,1.4537039677999823,-1.2635804414749146,1.3446217732060401,0.9948201179504395,-0.11103463708975163
31,4,1988,MXON 6,near_111,2.954242467880249,3.1806068420410156,-0.0038215643726289272,-0.13841977027267746,-2.393763542175293,0.49345742891638134,-0.2505688965320587,-0.021553595982366582,0.02451140247285366,0.08057393574582376,-0.39344269037246704,-0.13354666994740585,-0.37767234444618225,0.1066421763917856,-1.3732693195343018,-0.2620480050362234,-0.2565479874610901,0.07689653246384012,0.14621153473854065,-0.03478317094814409,-0.23563790321350098,0.527480463621731,-0.10075560957193375,0.28774254508943775,-0.09429943561553955,0.0729695767910031
44,4,1988,Alloy454 12,interior,2.5998830795288086,2.5277976989746094,0.8847374320030212,2.3921620918796105,1.1142796277999878,0.16684055537736558,-0.18135923147201538,0.05043720654111295,0.37841084599494934,-0.10064612151884035,-1.8698976039886475,-0.727636491012503,1.13868248462677,-0.26366962794629867,1.038535714149475,0.7611650668497522,-0.6254189014434814,-0.26579693537609544,0.1329735964536667,0.009667710652983752,0.928128182888031,-1.0133013400871478,0.899273693561554,-0.78197829884716,-0.8483052849769592,0.10301481287950848
68,4,1988,CMSX2 34,interior,0.5440680384635925,1.0061759948730469,0.8847374320030212,2.522029313951582,-1.224415898323059,-0.4195999392031418,-0.9426656365394592,-0.37084699063842036,0.7945107817649841,-0.5300701396644787,0.04014834016561508,0.09358046489743202,0.3084160387516022,0.032390906968957675,-0.23809631168842316,-0.32673447280727075,1.4469441175460815,-0.38875414601091407,0.6742125153541565,0.0964055558473267,0.898949921131134,-1.284572021820665,0.8682650327682495,-0.8755393103156319,-0.8483052849769592,0.12790603560557223
79,4,1988,CMSX2 45,interior,1.5185139179229736,1.46087646484375,0.8847374320030212,1.9380264182565414,0.5296057462692261,-0.15087317599762232,-0.9426656365394592,-0.383615059619778,0.7945107817649841,-0.21648192542237552,0.04014834016561508,0.0426794011530322,0.3084160387516022,-0.07789616319076675,-1.0368119478225708,-0.7251545831803295,0.21760784089565277,0.050711664713486565,-0.5213174223899841,-0.03933177588462325,0.5735985040664673,-0.5071621599937391,0.8682650327682495,-0.6924057247329543,-0.8483052849769592,0.11018038330184388
86,4,1988,CMSX2 52,near_011,1.6434526443481445,1.4105777740478516,0.8847374320030212,2.4133165997736605,0.5296057462692261,0.015811842749521233,-0.9426656365394592,-0.3796579326424165,0.7945107817649841,-0.39572601328990387,0.04014834016561508,0.16461680966088546,0.3084160387516022,-0.011472827041353217,-0.6629732847213745,-0.8606356105375588,1.510949730873108,0.06360250082638425,0.15954241156578064,0.046650108586447185,0.8144956827163696,-1.1319016309208647,0.8682650327682495,-0.85714880611378,-0.8483052849769592,0.12941225688452382
91,4,mackay,E,interior,1.3010300397872925,1.0251922607421875,0.7364854216575623,1.9557100319521845,-1.224415898323059,-0.36622169916860103,-1.0118752717971802,-0.3966233531793268,0.9274911880493164,-0.5959438081080958,-0.37652283906936646,-0.11995512541554937,0.22389790415763855,-0.006151856245886462,0.4022057354450226,0.06058688013008153,1.0499664545059204,-0.017145528787443756,0.7121296525001526,0.03740601967369003,0.9608466029167175,-1.1387871831249532,0.7674868702888489,-0.6908705326812468,-0.7310155034065247,0.11528033083999131
105,4,mackay,T,near_001,1.991226077079773,2.1568641662597656,0.7364854216575623,1.9035507670966085,0.5296057462692261,-0.018896501547990135,-1.0118752717971802,-0.38190906550122977,0.9274911880493164,-0.5290991934082969,-0.37652283906936646,-0.11877493534316427,0.22389790415763855,-0.0634879122701033,1.1344575881958008,0.8444154828401526,-0.9900479912757874,-0.3091897989583868,0.7121296525001526,0.039643505104778855,0.8205639719963074,-0.8342787213520745,0.7674868702888489,-0.6578374195022867,-0.7310155034065247,0.10762667247922535
129,4,G.M. Han et al.,M,interior,0.4771212637424469,0.8076324462890625,0.8847374320030212,2.2513257200690044,0.5296057462692261,-0.040460184252727946,-0.9426656365394592,-0.34926842114303236,0.9618086814880371,-0.4562142088661281,-0.5332291126251221,-0.22796264696320415,-0.8499795794487,0.277623143290004,-0.8047240376472473,-0.7599466456877573,1.220908761024475,-0.07890250570803953,0.3730076253414154,0.06653115091130336,0.9183760285377502,-1.268420212633187,1.023308277130127,-0.9131203743916477,-0.8483052849769592,0.12572995419542166
135,4,G.M. Han et al.,C,interior,2.161367893218994,2.150705337524414,-1.4796857833862305,-5.222684502390572,0.5296057462692261,-0.008503188061778244,1.212721347808838,0.45387520437436096,-1.367224931716919,0.9232900305660436,1.4879817962646484,0.9448261746654174,0.9199296236038208,-0.3837476990830925,1.0388174057006836,0.5398636950256859,-0.3138888478279114,-0.040120051130178115,0.6065260171890259,-0.011664634447838489,-1.13753080368042,1.678370288328851,-1.3992432355880737,1.582750715068052,1.497490644454956,-0.2815981854382441
150,4,G.M. Han et al.,R,interior,2.1553361415863037,2.0995235443115234,-1.4796857833862305,-4.231704829163237,0.5296057462692261,-0.031181452010583154,1.212721347808838,0.4163864980971123,-1.367224931716919,0.6532896548951115,1.4879817962646484,0.6426983366040022,0.9199296236038208,-0.2109377254244685,0.14243151247501373,-0.14066747787802894,1.0024477243423462,0.36067949675010036,-2.165937662124634,-0.043195079922350936,-1.0899147987365723,1.4924594083724523,-1.3992432355880737,1.4285400830762292,1.497490644454956,-0.2547264867332104
159,4,Wang et al.,SC 5,near_011,2.065579652786255,2.305318832397461,-1.8608953952789307,-5.394967071380692,0.5296057462692261,-0.008995776962319523,2.4584953784942627,0.5301094100479559,-2.3388397693634033,0.7642165368768101,1.1329811811447144,0.5439086281780434,-0.27823925018310547,0.05397204215924625,-0.7347748279571533,-0.4790611919042179,1.5184768438339233,0.2212411329105511,0.7121296525001526,0.09763460947276373,-2.0303754806518555,2.618663099559401,-1.651188611984253,1.677793683873147,2.0001611709594727,-0.44956708365980597
172,4,Lukas et al,Fig2b_CM186LC_3,near_111,2.3074960708618164,2.298065185546875,-0.0038215643726289272,-0.16431581824739466,-0.05506812036037445,-0.08001963094334523,-0.1022624671459198,0.01686723685593706,0.33953553438186646,-0.05750940281511868,-0.2686785161495209,-0.10974615849734684,-1.3819466829299927,0.39075370032286166,-1.5737749338150024,-0.5948738076748007,-0.44908979535102844,0.025797423349979393,0.7121296525001526,0.013024123829261663,-0.22107036411762238,0.4588200127153686,0.10467676818370819,0.03047646871750244,-0.09429943561553955,0.06636087669025142
180,4,Lukas et al,Fig2b_CMSX4_5,near_111,2.877371311187744,3.010051727294922,-0.0038215643726289272,-0.32905770798414946,1.1142796277999878,-0.06503043094054903,0.15480203926563263,0.18218896581592797,0.09716802835464478,0.05130330087371357,-0.5197881460189819,-0.16728091670350387,-1.1731371879577637,0.36664723912051755,-1.5737749338150024,-0.5876905302352862,-0.44908979535102844,0.061404663380356765,0.7121296525001526,0.030557800090858213,-0.42028480768203735,0.8600120442174699,-0.1821533441543579,0.43233992057644427,-0.09429943561553955,0.05918054475683956
5,5,1988,CMSX2 6,interior,2.4563660621643066,2.4540786743164062,-1.5250482559204102,-4.107738557462303,-1.2407065629959106,-0.0506328812052162,1.3133924007415771,0.3965700381986237,-1.528002381324768,0.5010410834583529,1.7686362266540527,0.5879763238452899,1.031246542930603,-0.17558943602608784,-0.9191080927848816,-0.44681422340187527,0.835250198841095,0.15302512032917182,0.11050908267498016,0.017727221944935426,-1.7537320852279663,1.634525199620449,-1.5556105375289917,1.7435167644451592,1.5578138828277588,0.07989370263507556
7,5,1988,CMSX2 8,near_111,2.833784341812134,2.6295108795166016,-1.5250482559204102,-4.523677690398514,-1.2407065629959106,-0.017157687349613492,1.3133924007415771,0.4485007425676114,-1.528002381324768,0.4963942518618299,1.7686362266540527,0.603524227705198,1.031246542930603,-0.13801547374777365,-1.3639096021652222,-0.4486065879407798,-0.1774946004152298,-0.02162313821243507,0.2298184335231781,0.014867398431924455,-2.148141860961914,2.1520386356204546,-1.5556105375289917,1.8883685393383396,1.5578138828277588,0.09291617293371982
17,5,1988,CMSX2 18,near_011,2.5809249877929688,2.43212890625,-1.5250482559204102,-4.201130073038217,0.5002192258834839,-0.0027380255212439584,1.3133924007415771,0.38245084407857244,-1.528002381324768,0.4773785796945487,1.7686362266540527,0.49422807879569924,1.031246542930603,-0.1983469852043184,-0.6844184398651123,-0.3615691381910932,1.5062150955200195,0.1953685813646525,0.24979045987129211,0.03388730796491532,-1.719680905342102,1.5653308130248123,-1.5556105375289917,1.7898131959154098,1.5578138828277588,0.08473529021436083
18,5,1988,Alloy454 1,near_001,2.3783979415893555,2.4695472717285156,-1.0452767610549927,-2.9336935817676566,1.0805277824401855,0.04170395254949378,1.3522101640701294,0.50807867899605,-1.1865683794021606,0.4714607270880503,-0.01472874078899622,0.023055119804838625,1.816299557685852,-0.38409861233347997,1.1652114391326904,0.3661489157191613,-1.3706215620040894,-0.15929729799174022,0.70418781042099,0.031161793808416268,-1.0069022178649902,0.8227475139955306,-1.2472474575042725,1.4346605218337396,0.9766197800636292,0.010865380370964068
36,5,1988,MXON 11,near_001,2.6138417720794678,2.59197998046875,0.004389230627566576,0.056557634813558764,-0.5443362593650818,-0.12468261035503053,-0.25872859358787537,-0.07460927882226097,0.04010419547557831,0.07847570353850551,-0.3979651927947998,-0.105713586744052,-0.4274325370788574,0.2096879761916805,1.145011067390442,0.7040795685606609,-1.0237174034118652,-0.21807931604678432,0.673208475112915,0.052629754410427665,0.31343314051628113,-0.25264223977852757,-0.0908859521150589,0.1299119897086506,-0.10274074971675873,-0.07636812774064622
61,5,1988,CMSX2 27,interior,1.6989699602127075,1.4280624389648438,0.8858235478401184,2.4832888458315683,-1.2407065629959106,-0.10328405192242014,-0.9380401372909546,-0.40163308704666234,0.8008478283882141,-0.3392053985656433,0.036623042076826096,0.11859977932978609,0.2715178430080414,-0.007146766643982858,-1.0289167165756226,-0.6776429754218504,0.8078885674476624,0.018077470361865623,0.6193432211875916,0.022311936396295293,0.747103214263916,-0.8336550252097328,0.872748613357544,-1.0778825574737407,-0.8499903678894043,-0.022631073849616094
62,5,1988,CMSX2 28,interior,0.6020600199699402,0.5151290893554688,0.8858235478401184,2.517586066799518,-1.2407065629959106,-0.2490857693684299,-0.9380401372909546,-0.3705040320954484,0.8008478283882141,-0.35701626461885405,0.036623042076826096,0.11715406273699398,0.2715178430080414,0.008189071295318547,-0.3889907896518707,-0.43420271155757484,1.3083770275115967,-0.3019727970040896,-1.8403422832489014,-0.1658550688896151,0.9397435188293457,-1.1584365764960678,0.872748613357544,-1.1984992570021349,-0.8499903678894043,-0.026240795333088623
80,5,1988,CMSX2 46,interior,1.5051499605178833,1.529815673828125,0.8858235478401184,2.483123715799177,0.5002192258834839,-0.0733614240483331,-0.9380401372909546,-0.463163796979348,0.8008478283882141,-0.3544595796596425,0.036623042076826096,0.10492663316715096,0.2715178430080414,-0.07710331971163063,-1.203744888305664,-0.7546804304104221,0.21803417801856995,0.06478636311454648,0.25604376196861267,0.04657921009327531,0.5548070073127747,-0.5263883114964869,0.872748613357544,-1.0288697321091793,-0.8499903678894043,-0.02714485605466728
89,5,mackay,C,interior,1.3222192525863647,1.5496273040771484,0.738760232925415,2.568496272253053,-2.0531387329101562,-0.3371779099192326,-1.0059713125228882,-0.642021592789617,0.9322296977043152,-0.6604676096412129,-0.3810064196586609,-0.17628233597760098,0.18541526794433594,0.022583347807558943,1.0718719959259033,0.5719141410757294,-0.5589660406112671,-0.02164023550917409,0.38968250155448914,0.02722218750649065,0.8897804021835327,-0.896532099725379,0.7725306153297424,-1.076454931172915,-0.7337515354156494,-0.03175313266845279
104,5,mackay,S,near_001,1.954242467880249,2.214519500732422,0.738760232925415,2.5228096668333153,0.5002192258834839,-0.010406372047025042,-1.0059713125228882,-0.5934584933631498,0.9322296977043152,-0.5518348167492103,-0.3810064196586609,-0.1403147917087929,0.18541526794433594,-0.06048702399968395,1.1555192470550537,1.069818879207042,-1.210062861442566,-0.35560636564500975,0.6631781458854675,0.0616043051859143,0.7947083115577698,-0.7918726919067345,0.7725306153297424,-1.0448146665550069,-0.7337515354156494,-0.03660985603216685
110,5,1988,CMSX-4 04,near_111,3.0,3.0788707733154297,0.8858235478401184,2.969928824248484,-0.7764596939086914,0.03632288806387007,-0.501339852809906,-0.20207651150838402,0.7759488224983215,-0.26137407584499817,-1.2661906480789185,-0.21104409875259378,-1.7594901323318481,0.5254252993741885,-1.6003705263137817,-0.4145125123799335,-0.47740378975868225,0.13630540820007211,0.7299013733863831,-0.05811182680346382,0.20700044929981232,-0.2636807786595005,0.872748613357544,-1.259108673646741,-0.8499903678894043,-0.030706392565735124
128,5,G.M. Han et al.,K,near_011,0.6720978617668152,0.7789287567138672,0.8858235478401184,2.5552188799640096,0.5002192258834839,0.03266030737161016,-0.9380401372909546,-0.4191391601854967,0.9661347270011902,-0.49292349270117625,-0.5380731225013733,-0.15253252663336006,-0.908594012260437,0.24397736336166104,-0.621446967124939,-0.776722731571426,1.5018049478530884,0.0430982838706398,0.018169023096561432,0.03150960101798678,0.9011836647987366,-1.027720834727228,1.0269300937652588,-1.3409820353355066,-0.8499903678894043,-0.016726359303541813
133,5,G.M. Han et al.,A SRR99,near_001,2.130333662033081,2.1990718841552734,-1.4596412181854248,-4.195474055198576,0.5002192258834839,-0.010350256492568094,1.17753005027771,0.4226330799433569,-1.3349027633666992,0.49367897181511183,1.4877864122390747,0.5857318646942761,0.8944953680038452,-0.21309963740717275,1.1437426805496216,0.4167176940854892,-1.062389850616455,-0.13083981530305225,0.6218641996383667,0.021876360919789242,-1.2227861881256104,0.9238151652818379,-1.382156252861023,1.56936282545364,1.4747861623764038,0.07478034484813975
142,5,G.M. Han et al.,J,interior,2.1643528938293457,2.169759750366211,-1.4596412181854248,-4.205007683699402,0.5002192258834839,-0.005094599398141797,1.17753005027771,0.41132799919410445,-1.3349027633666992,0.5047009490300457,1.4877864122390747,0.5676344787742041,0.8944953680038452,-0.1740177073512571,0.2767714858055115,0.17007378966603276,1.1285731792449951,0.2074703769858242,-0.13832084834575653,0.025289066003530133,-1.0666652917861938,0.9236204788602623,-1.382156252861023,1.6357709407043144,1.4747861623764038,0.06301082353315399
157,5,Wang et al.,SC 3,near_111,2.1041455268859863,2.374786376953125,-0.42685896158218384,-0.995373421389894,0.5002192258834839,-0.030473975783666746,0.6146719455718994,0.30285368530330403,-0.4139050543308258,0.22269199488061425,-0.726204514503479,-0.1591097751447913,-1.6176741123199463,0.48616824211473414,-1.5999966859817505,-0.5672933517108376,-0.47784072160720825,-0.03872381262719383,0.7299013733863831,0.05241056278116774,-0.5137094259262085,0.6000458111589296,-0.3028855621814728,0.3674263824270822,0.31239792704582214,-0.07060817960486034
168,5,Lukas et al,Fig2a_CMSX4_3,near_011,2.8241257667541504,2.7561473846435547,0.004389230627566576,0.5048770572652314,1.0805277824401855,0.12470758857181735,0.1391538679599762,0.09284885125689268,0.11188745498657227,0.04795686060162251,-0.5246012210845947,-0.13853109691567142,-1.2378097772598267,0.258726766911695,-0.7491042613983154,-0.5493570456847116,1.5113933086395264,0.14484571062469867,0.7299013733863831,0.09209624507688476,0.06429041177034378,-0.1476726864867476,-0.2797583341598511,0.23127049581711112,-0.10274074971675873,-0.09617707079124012
173,5,Lukas et al,Fig2b_CM186LC_4,near_111,2.691965103149414,2.5469093322753906,0.004389230627566576,0.2713797129690031,-0.08008937537670135,-0.047301492413690215,-0.1131618395447731,-0.021690881813065915,0.35134157538414,-0.08959764409700402,-0.2729140818119049,-0.08404385761978674,-1.4505338668823242,0.4199540007933109,-1.599959373474121,-0.45795787028528634,-0.4778844118118286,0.007521606917222198,0.7299013733863831,0.06551583288702482,-0.34466519951820374,0.44845090698473267,-0.07932233810424805,0.05200486384460492,-0.10274074971675873,-0.08341453731046762
183,5,leng et al- SX,A,near_001,2.2430379390716553,2.2362194061279297,0.47582268714904785,2.087338861273865,0.5002192258834839,0.0026709361392662483,-0.06463958323001862,-0.040304790905443595,0.8069401383399963,-0.37154056061671265,-1.1590492725372314,-0.5976426744022998,-2.3875324726104736,0.7860001455004237,1.1692456007003784,0.7948245434422203,-1.557449221611023,-0.27914443909135095,0.7191922068595886,0.036609097081182464,0.813682496547699,-0.9842746562363877,0.9112939834594727,-1.4007925242872932,-0.5178794264793396,-0.033102044743891806
16,6,1988,CMSX2 17,near_011,2.462398052215576,2.484708786010742,-1.4659359455108643,-4.354413116086175,0.5278982520103455,0.020123861046683383,1.2668148279190063,0.45200294301642857,-1.4706851243972778,0.38211675805925904,1.7043769359588623,0.5696483433672246,1.0137767791748047,-0.2285782670466233,-0.6248230338096619,-0.4548176968070167,1.4361035823822021,0.2998269095446353,0.03321034833788872,-0.001901455703152969,-1.5886050462722778,2.412849644673475,-1.4979594945907593,1.3002576417669187,1.4965518712997437,0.11184788565038974
24,6,1988,Alloy454 7,interior,2.365488052368164,2.409982681274414,-0.9907583594322205,-2.5280328973751214,1.1095386743545532,0.03260898133265018,1.3054289817810059,0.5838995142728625,-1.1335264444351196,0.35696378947959206,-0.050668586045503616,0.039131040037298975,1.7849990129470825,-0.307815473077195,-0.10245511680841446,-0.14187044611559171,0.20190997421741486,0.006241406122562868,-0.391370952129364,0.00680184061956596,-0.9799098968505859,1.3301423170412567,-1.1929224729537964,0.9651415411641949,0.9219151139259338,0.02062928245805785
37,6,1988,MXON 12,interior,1.8129132986068726,1.4634666442871094,0.048856765031814575,0.043264328895155336,-0.5190545916557312,-0.05172210589487859,-0.2970579266548157,0.06503746523815135,0.07778608798980713,0.2019190285550948,-0.42781931161880493,-0.009483109922892603,-0.41920387744903564,0.043111692020863936,-0.1260223239660263,-0.28486272332406437,0.8869534134864807,0.08975707077804967,-3.6994097232818604,-0.11524099785677862,0.42455896735191345,-0.456506027109235,-0.04903337359428406,0.15069417675529592,-0.14526739716529846,-0.061475951583996
46,6,1988,Alloy454 15,interior,2.576341390609741,2.5789260864257812,0.9218510985374451,2.074904163917784,1.1095386743545532,0.3035305103792407,-0.22948317229747772,0.22397380485217366,0.4230533242225647,0.1150667895796333,-1.8841701745986938,-0.8125954715735968,1.0983624458312988,-0.26435891375065235,0.9464510679244995,0.7129853882251521,0.06478732824325562,0.09428884178363969,0.17926646769046783,0.0017952126312487915,1.0611720085144043,-1.2570910144622216,0.934711217880249,-0.6098158797168236,-0.8840860724449158,-0.027543211823601563
53,6,1988,CMSX2 19,near_001,2.6148972511291504,2.523221969604492,0.9218510985374451,2.819821007626695,-2.0313198566436768,0.04304817060095207,-0.972805380821228,-0.4753053687949687,0.8290038704872131,-0.22815415160310706,-0.00013226062583271414,0.11555583243773922,0.26743268966674805,-0.22719209882242064,1.184618353843689,0.44506490439486784,-1.6439433097839355,-0.016187599351025875,0.7224900126457214,-0.008032217335374611,0.8078153729438782,-1.1642270161873727,0.9042075276374817,-0.7564358252803813,-0.8840860724449158,-0.04385915091340571
56,6,1988,CMSX2 22,near_111,3.005180597305298,3.076448440551758,0.9218510985374451,2.301339591712683,-2.0313198566436768,0.5722940604517699,-0.972805380821228,-0.3618788356521285,0.8290038704872131,-0.07952978195806,-0.00013226062583271414,0.13595149449949687,0.26743268966674805,-0.10726523216744177,-1.3148339986801147,-0.21461077227836717,-0.10004664212465286,0.11122698769579699,0.4359322190284729,-0.04462407604201359,0.45020806789398193,-0.5509223894397894,0.9042075276374817,-0.6909791403951795,-0.8840860724449158,-0.019589722184376147
72,6,1988,CMSX2 38,interior,2.8221681118011475,2.760498046875,0.9218510985374451,2.5301245917136663,0.5278982520103455,0.09068400724907331,-0.972805380821228,-0.5072576990871154,0.8290038704872131,-0.2624463877125887,-0.00013226062583271414,0.2054406133839201,0.26743268966674805,-0.18442658060447756,0.989026665687561,0.8915948737839949,-0.011780817992985249,0.02999423669498082,0.6275365948677063,0.024910790599208657,1.033199429512024,-1.4004135470791448,0.9042075276374817,-0.6668345717768797,-0.8840860724449158,-0.027518049166934355
75,6,1988,CMSX2 41,interior,1.4771212339401245,1.3169116973876953,0.9218510985374451,2.342024925424424,0.5278982520103455,0.08593437619628547,-0.972805380821228,-0.4611989537952381,0.8290038704872131,-0.2804036127003492,-0.00013226062583271414,0.20392200496658283,0.26743268966674805,-0.06167455274468247,0.03255779296159744,-0.13894903074731013,1.220216989517212,0.23653221002322325,-1.6061655282974243,-0.26307350623642073,1.039514183998108,-1.5500287711488603,0.9042075276374817,-0.680187710083471,-0.8840860724449158,-0.02866377110629303
77,6,1988,CMSX2 43,interior,0.9030900001525879,1.201498031616211,0.9218510985374451,2.327018976749045,0.5278982520103455,-0.04042720011753205,-0.972805380821228,-0.5197051326277606,0.8290038704872131,-0.23663879402658608,-0.00013226062583271414,0.14259577500597875,0.26743268966674805,-0.12333759630206009,-0.2214057296514511,-0.5385106502497253,0.42621782422065735,0.1602599284010507,-2.364950656890869,-0.15628672445915115,0.8524593114852905,-1.1735997519642496,0.9042075276374817,-0.6765876702462543,-0.8840860724449158,-0.025681684225424682
96,6,mackay,K,interior,1.4149733781814575,1.3842029571533203,0.7761959433555603,2.3574878811443467,-1.2170231342315674,-0.19380626986412103,-1.0403801202774048,-0.7103836178757389,0.9587406516075134,-0.5097090920495524,-0.4111298620700836,-0.17940585780159232,0.1828470379114151,-0.15902321549212395,1.0966795682907104,0.7226085432105261,-0.5461903214454651,-0.1138478822732369,0.4754667580127716,0.01860251383046935,0.9305863976478577,-1.4354795554494115,0.8050704598426819,-0.6881216827609987,-0.7691587209701538,-0.026095312628923263
103,6,mackay,R,interior,1.913813829421997,1.8051929473876953,0.7761959433555603,2.457963537212661,0.5278982520103455,0.04462058038233243,-1.0403801202774048,-0.6304127925150734,0.9587406516075134,-0.41785005527630253,-0.4111298620700836,-0.1288407739550315,0.1828470379114151,-0.08513170782698688,1.1297614574432373,0.9910228606829209,-0.8894976377487183,-0.2866870977325162,0.45480361580848694,0.00459260722002694,0.879741370677948,-1.3413074458567598,0.8050704598426819,-0.722387312382475,-0.7691587209701538,-0.0491523413354742
117,6,Gunturi et al. ,CMSX-04 -11,interior,0.6989700198173523,0.8278331756591797,1.02833092212677,2.469821330729982,0.5278982520103455,0.10705348218190537,-0.6156246066093445,-0.10254336431403054,0.8742548227310181,-0.28361794292955134,-1.3579061031341553,-0.9840189234786065,-1.7875014543533325,0.019190064679384413,-0.14043067395687103,-0.17543640731111382,1.4187572002410889,-0.11423146293853621,0.6335451602935791,0.1619460892629186,0.9559860229492188,-1.4043885018945972,0.9042075276374817,-0.6775670481278392,-0.9661770462989807,-0.027894712815591093
127,6,G.M. Han et al.,J,interior,2.130333662033081,1.82586669921875,0.9218510985374451,2.7359587005636716,0.5278982520103455,0.10368713567209767,-0.972805380821228,-0.6441630225570569,0.9922211170196533,-0.5821362266380992,-0.5657023787498474,-0.23502472239543548,-0.8918884992599487,0.20995345341472418,0.3686835467815399,0.21581564940113382,1.1091581583023071,0.35491660426493515,0.7224900126457214,0.1291388277053662,1.1124687194824219,-1.819696362796039,1.056726098060608,-0.8909223728088493,-0.8840860724449158,-0.01350755912394166
132,6,G.M. Han et al.,Q,interior,1.0,1.1243534088134766,0.9218510985374451,2.6787174473023527,0.5278982520103455,-0.04796723333127389,-0.972805380821228,-0.5724579434922468,0.9922211170196533,-0.3425376623961735,-0.5657023787498474,-0.1559404709010469,-0.8918884992599487,0.21439479924018434,-0.4683705270290375,-0.5154036311109469,0.1577310860157013,0.09111074752966002,-0.6641818284988403,-0.031163382605655546,0.7895338535308838,-1.3045651401056375,1.056726098060608,-0.9307347360577864,-0.8840860724449158,-0.029278139628635933
134,6,G.M. Han et al.,B,interior,2.1702616214752197,2.2177867889404297,-1.4011551141738892,-4.3305802137319525,0.5278982520103455,0.030471623333384042,1.1316653490066528,0.5655277202198894,-1.280003547668457,0.4960659396314657,1.4279868602752686,0.679240925065377,0.8794348835945129,-0.3720277219314129,1.1376920938491821,0.49228895393795424,-0.9664589166641235,-0.1976524911861871,0.4840806722640991,-0.001408688172001248,-1.1444458961486816,1.6359190324337016,-1.32637619972229,1.162186515870009,1.4144608974456787,0.08278505525960923
155,6,Wang et al.,SC 1,near_001,2.370142936706543,2.529390335083008,-0.37826210260391235,-1.0427955183221846,0.5278982520103455,0.006422877152884989,0.5717602968215942,0.44614902183846644,-0.37053820490837097,0.2922791190154044,-0.750846266746521,-0.2862269100067411,-1.588476300239563,0.38373551631706687,1.184618353843689,0.6411776993401537,-1.6439433097839355,-0.14383200233118346,0.7224900126457214,-0.0061053241577088265,0.09750193357467651,-0.010738064527939547,-0.2587463855743408,0.29754532026731645,0.26518741250038147,-0.054759939869569646
164,6,Lukas et al,Fig2a_CM186LC_2,near_011,2.7543482780456543,2.653717041015625,0.048856765031814575,-0.007963378901811709,-0.053742218762636185,-0.05117948584112625,-0.1522548794746399,0.14273123291376685,0.3851262331008911,0.0602157451990702,-0.30475401878356934,0.0024851701373134194,-1.4242806434631348,0.1963331931494438,-0.6934564113616943,-0.7797200324371516,1.5110338926315308,0.10193312566896395,0.7224900126457214,0.10219149209011542,-0.0441703163087368,0.41690348856667114,-0.4265167713165283,0.5380922061874605,-0.14526739716529846,-0.057313990120136875
179,6,Lukas et al,Fig2b_CMSX4_4,near_111,2.7795965671539307,2.7183189392089844,0.048856765031814575,0.07340626243783013,1.1095386743545532,0.023362783418319478,0.09873703867197037,0.23793617441978954,0.148670494556427,0.11691008591933144,-0.5524443984031677,-0.09662285531529508,-1.2153042554855347,0.2414428614302661,-1.5254734754562378,-0.627835910923618,-0.46562308073043823,0.029859228279688142,0.7224900126457214,-0.0010400428671948605,-0.28751975297927856,0.776745321413065,-0.03759448230266571,0.12476456328630832,-0.14526739716529846,-0.06175643675496906
28,7,1988,MXON 2,near_001,2.466867685317993,2.432619094848633,0.043797675520181656,0.07539484255820003,-2.5113401412963867,-0.2331281348484496,-0.28837406635284424,0.031237793879853423,0.073671355843544,0.04330435536395602,-0.4403420388698578,-0.11589098434244267,-0.4367350935935974,0.20426860343454079,1.251889705657959,0.036538015381085726,-1.7242474555969238,0.13752367271587168,0.7452220320701599,0.07705831764729149,0.26508158445358276,-0.08119445651291564,-0.0423920676112175,0.19990789770162634,-0.14032895863056183,-0.19429122236496588
35,7,1988,MXON 10,near_001,2.567026376724243,2.610158920288086,0.043797675520181656,-0.30159637192047983,-0.5860031247138977,-0.16212914066170078,-0.28837406635284424,0.10791563274268545,0.073671355843544,0.11793667896197199,-0.4403420388698578,-0.12274183754165792,-0.4367350935935974,0.23864208769653128,1.2323799133300781,0.6357112156058552,-1.3319203853607178,-0.15201841336375796,0.6447117924690247,0.0725045466912887,0.3282788097858429,-0.07576168883761963,-0.0423920676112175,0.3819062863870685,-0.14032895863056183,-0.18112246193105758
50,7,1988,Alloy454 20,interior,1.851258397102356,2.0382442474365234,0.9190986156463623,2.3057696133288323,1.098666787147522,0.12622777628562776,-0.22059212625026703,0.14045273013122825,0.42051005363464355,-0.03788302896487829,-1.9087005853652954,-0.43944722871659087,1.0771526098251343,-0.17059112215256725,0.3243657350540161,0.07367695181971508,0.07473509013652802,0.018077113023219193,-0.20175202190876007,-0.023862616397763204,0.9228391051292419,-0.5084443725599896,0.9413114786148071,-1.5171020483363162,-0.882472038269043,-0.1296475206350282
52,7,1988,Alloy454 22,interior,1.4771212339401245,1.5207195281982422,0.9190986156463623,1.9769885718075173,1.098666787147522,0.11191408093437723,-0.22059212625026703,0.15502547485372592,0.42051005363464355,0.03214115929181628,-1.9087005853652954,-0.48976108617897574,1.0771526098251343,-0.16324412461460788,-0.8050841689109802,-0.49581291264814625,0.6756486296653748,0.0755712225970398,-0.29176732897758484,-0.02882598008555516,0.8236425518989563,-0.4200756274881603,0.9413114786148071,-1.2759776595549426,-0.882472038269043,-0.13591342086347225
54,7,1988,CMSX2 20,near_001,2.3617279529571533,2.4641990661621094,0.9190986156463623,2.4637201530599837,-2.150339365005493,-0.3310818122845472,-0.9661934971809387,-0.17284436587653662,0.8283082842826843,-0.19586723669156053,-0.009128660894930363,0.17921537043670066,0.24823705852031708,-0.09995114124316735,1.2404648065567017,0.11980434392532682,-1.3647770881652832,0.15717382619719578,0.7020692825317383,0.08738612751361088,0.8779077529907227,-0.504016983713919,0.9108090400695801,-1.3291708971852432,-0.882472038269043,-0.14318142224515729
65,7,1988,CMSX2 31,interior,2.6334683895111084,2.628885269165039,0.9190986156463623,2.930630497306828,-1.3080044984817505,-0.3488384352189721,-0.9661934971809387,-0.1610709751581998,0.8283082842826843,-0.33200324754851507,-0.009128660894930363,0.09385403064779413,0.24823705852031708,-0.0258215726710884,1.154109001159668,0.5056931528891254,-0.5719345211982727,-0.07955167789889021,0.602506160736084,0.10421199116216824,0.9894591569900513,-0.6228516132815174,0.9108090400695801,-1.5071125295330312,-0.882472038269043,-0.1688822694966305
66,7,1988,CMSX2 32,near_001,2.7551121711730957,2.6387977600097656,0.9190986156463623,2.56316798506125,-1.3080044984817505,-0.2628556226476897,-0.9661934971809387,-0.19735778145766247,0.8283082842826843,-0.30732078805601903,-0.009128660894930363,0.11571241075534328,0.24823705852031708,-0.013584793086597555,1.2439477443695068,0.43384712703020056,-1.450429081916809,0.03298364565337101,0.7086843848228455,0.07878883047335265,0.8639383912086487,-0.4710307425762194,0.9108090400695801,-1.3154942525716407,-0.882472038269043,-0.10780537297321677
76,7,1988,CMSX2 42,interior,0.9030900001525879,0.9886989593505859,0.9190986156463623,2.071460298992294,0.49699899554252625,-0.0683714462044085,-0.9661934971809387,-0.13121591281931144,0.8283082842826843,0.0020234763948598776,-0.009128660894930363,0.06854837498004838,0.24823705852031708,0.015907479046137166,-0.04485180228948593,-0.6308739865374328,0.8361263275146484,-0.006277060740992799,-3.811986207962036,-0.25530179906930633,0.992085337638855,-0.6774914529731484,0.9108090400695801,-1.4038041375141415,-0.882472038269043,-0.163644264148963
88,7,mackay,B ,interior,1.4149733781814575,1.6470355987548828,0.7730586528778076,2.4736786268541016,-2.150339365005493,-0.1983667731984365,-1.0339754819869995,-0.36575126883720244,0.9586355686187744,-0.35140283605531336,-0.4235149621963501,-0.21261683446144516,0.16385643184185028,-0.04259944417601517,1.20314621925354,-0.006789277518497629,-0.9475074410438538,0.08434388138218901,0.5854210257530212,0.14517063785665102,0.8925902247428894,-0.5684353032266273,0.8116761445999146,-1.2248281245186816,-0.7670275568962097,-0.17440168036797424
102,7,mackay,Q,near_001,1.903090000152588,1.6924209594726562,0.7730586528778076,2.037816538332827,-1.3080044984817505,-0.3574696627499288,-1.0339754819869995,-0.37397021536641956,0.9586355686187744,-0.3832125656977902,-0.4235149621963501,-0.058295302373311014,0.16385643184185028,-0.12243758282312285,1.221908688545227,0.22705857327834036,-1.2544716596603394,0.12574604995825875,0.5897382497787476,0.10946249834479364,0.8438953161239624,-0.41757390706986625,0.8116761445999146,-1.0504116763672848,-0.7670275568962097,-0.13070966893733288
109,7,1988,CMSX-4 02,near_001,3.0211892127990723,2.9541263580322266,0.9190986156463623,2.481372374947962,-2.2706730365753174,-0.27195209410269566,-0.5304524302482605,-0.005753867757984368,0.8036091923713684,-0.16419699760816056,-1.3018251657485962,-0.5755212329893384,-1.7421530485153198,0.742385605906714,1.2522165775299072,0.02398195078521652,-1.7782385349273682,0.47673751620047555,0.7470070123672485,0.0669154508995285,0.8087424635887146,-0.4577424131444443,0.9108090400695801,-1.4430007117744725,-0.882472038269043,-0.14727161683776824
118,7,G.M. Han et al.,A SRR99,near_001,2.6589648723602295,2.8214683532714844,0.9190986156463623,2.706725097348725,0.49699899554252625,0.009724455019975816,-0.9661934971809387,-0.15072903708640037,0.992268443107605,-0.30968930402590045,-0.5793619751930237,-0.268499010287733,-0.9082738757133484,0.40630077364752126,1.237359881401062,0.806996389121028,-1.3535079956054688,-0.036179046983067516,0.6762478947639465,0.012798994126582787,0.9500455260276794,-0.5660745055443348,1.0633212327957153,-1.6977288680864209,-0.882472038269043,-0.1718343883067832
130,7,G.M. Han et al.,N,interior,1.0606977939605713,0.7703590393066406,0.9190986156463623,2.0984526047049967,0.49699899554252625,-0.09621197610008941,-0.9661934971809387,-0.2922449958724716,0.992268443107605,0.005181991750731794,-0.5793619751930237,-0.08567820523335742,-0.9082738757133484,0.1842746512229103,-0.46184900403022766,-0.5377734565412058,0.4656522572040558,-0.04884949670317879,-2.3536288738250732,-0.18117901489232838,0.8999000191688538,-0.5894279251262233,1.0633212327957153,-1.6663429819399598,-0.882472038269043,-0.1445343724103244
139,7,G.M. Han et al.,G,interior,2.176091194152832,2.232187271118164,-1.4100453853607178,-3.8629581862214333,0.49699899554252625,0.01294062476892194,1.1447298526763916,0.10320610132953177,-1.2902981042861938,0.33922365633749363,1.4307655096054077,0.43883603710589064,0.8587557077407837,-0.3238232885368493,0.7310802340507507,0.43210452159338303,0.4856649935245514,0.06190852687857449,-0.6195806264877319,-0.04673663048722932,-0.9866751432418823,0.5907902126078117,-1.3196815252304077,2.121101087495498,1.4264174699783325,0.30407391737108364
152,7,G.M. Han et al.,[001],near_001,2.130333662033081,2.4183921813964844,-1.4100453853607178,-4.984510638514402,0.49699899554252625,0.013969627981437797,1.1447298526763916,0.21380482146371643,-1.2902981042861938,0.5005633326165215,1.4307655096054077,0.8002251080409026,0.8587557077407837,-0.40485819737851436,1.2522165775299072,0.37020805590403627,-1.7782385349273682,-0.012754826737049071,0.7470070123672485,-0.04063141242594644,-1.257016897201538,0.8229079185290976,-1.3196815252304077,2.387814339909757,1.4264174699783325,0.42506817217025245
158,7,Wang et al.,SC 4,near_001,2.5973660945892334,2.655437469482422,-1.785567045211792,-5.337706114521312,0.49699899554252625,0.013509606078922851,2.364804744720459,0.05444563913622948,-2.242527961730957,0.4146235471782731,1.0777114629745483,0.4366396732391776,-0.33746376633644104,0.14192420507140238,1.2522165775299072,0.3745537870947841,-1.7782385349273682,0.04470432615865112,0.7470070123672485,-0.017317393790051164,-1.9402360916137695,1.214109202492412,-1.5675138235092163,2.676911808562374,1.9211795330047607,0.6321166763523364
162,7,CMSX4_Table1_Lukas,R,near_111,1.444044828414917,1.5963382720947266,-0.9985643029212952,-2.949692114555697,0.49699899554252625,-0.07301636386888812,0.8736020922660828,0.37085008080021054,-0.663098156452179,0.04418327716924798,0.295803040266037,0.105250270786504,-0.6352777481079102,0.13426551863389388,-1.5301783084869385,-0.32980909411629,-0.5746389627456665,0.07277378929105402,0.7470070123672485,0.00680982318131646,-0.7842447757720947,0.5853090510441384,-0.6143127083778381,1.3283283996225033,0.9316554665565491,0.11288701935945608
171,7,Lukas et al,Fig2b_CM186LC_2,near_111,1.5051499605178833,1.4856815338134766,0.043797675520181656,0.03883749404705881,-0.10466884076595306,-0.12075908472455735,-0.14312703907489777,0.10513537284887675,0.38241034746170044,0.0034543826551697715,-0.31626203656196594,-0.0933110555184263,-1.4393755197525024,0.43543071633458125,-1.5301783084869385,-0.3355759607800721,-0.5746389627456665,0.11350191716347631,0.7470070123672485,-0.027025035667169125,0.0624220035970211,0.052590839058956174,0.5333414077758789,-0.6413592834526309,-0.14032895863056183,-0.19769379582647198
182,7,Lukas et al,Fig2b_CMSX4_7,near_111,3.616685628890991,3.142333984375,0.043797675520181656,0.06968564637732844,1.098666787147522,-0.037993400581117116,0.10863445699214935,0.19511912534211398,0.14487838745117188,-0.01092803285061529,-0.5659946799278259,-0.24127223605676498,-1.2309056520462036,0.37184396801650665,-1.5301783084869385,-0.3798576635872653,-0.5746389627456665,0.09408466114841954,0.7470070123672485,0.002388488230059119,-0.4262951612472534,0.37212136332626095,-0.21396826207637787,0.6280340316911692,-0.14032895863056183,-0.19218887165852888
185,7,leng et al,C,interior,1.929418921470642,2.1883811950683594,0.5119507312774658,1.1050355565599597,0.49699899554252625,-0.053998204090884634,-0.09471137076616287,0.12930142959527238,0.8343517184257507,-0.11560218621458056,-1.1955158710479736,-0.4204197934929043,-2.357635259628296,0.7885783885379984,1.0367330312728882,0.25890759945542136,-1.9845664501190186,0.36764034952199304,0.69809889793396,-0.04772976454157971,1.0555434226989746,-0.5551811959656832,0.9489370584487915,-1.288650164944256,-0.5526306629180908,-0.1527196872402945
8,8,1988,CMSX2 9,near_001,3.023252487182617,2.8339309692382812,-1.486075758934021,-4.072187041326508,0.5260230898857117,-0.01306693125239249,1.2896289825439453,0.4090035017483393,-1.4971840381622314,0.6160305221206628,1.728169322013855,0.8203756749088333,0.9990265965461731,-0.3508273571624676,1.2106397151947021,0.3443497044340998,-1.529988408088684,-0.09024257452649508,0.7213310599327087,0.017441064157629423,-1.6936320066452026,1.5645764516304996,-1.511603832244873,1.4323930712351558,1.5206971168518066,0.08323197256719599
27,8,1988,MXON 1,near_001,2.4712917804718018,2.556703567504883,0.030576761811971664,0.4766047131310313,-2.3829398155212402,-0.10153944562640559,-0.27798911929130554,-0.05813358453901387,0.06054963916540146,0.0814745695395022,-0.43231821060180664,-0.30338727377520164,-0.4271245002746582,0.242774577486033,1.2118641138076782,0.5393892384092019,-1.5560579299926758,-0.10329959713825933,0.731890082359314,0.00953494613487241,0.26385200023651123,-0.2749892875497107,-0.06224437057971954,0.00311490189056971,-0.1280987560749054,-0.0752095389406246
34,8,1988,MXON 9,near_001,2.6618127822875977,2.6540870666503906,0.030576761811971664,0.49699941513448315,-0.5212035179138184,-0.04722932566764412,-0.27798911929130554,-0.04337877986885542,0.06054963916540146,0.1103238057445196,-0.43231821060180664,-0.2843012568087076,-0.4271245002746582,0.21030362459230112,1.2076945304870605,0.5653675368968775,-1.4710912704467773,-0.1844741270656066,0.7055152058601379,0.03785893228879958,0.2779029905796051,-0.2644702685792163,-0.06224437057971954,-0.012281551378105387,-0.1280987560749054,-0.07803853257292945
40,8,1988,MXON 15,near_111,2.075546979904175,2.348644256591797,0.030576761811971664,0.7585722950271361,-0.5212035179138184,-0.015442253652517876,-0.27798911929130554,-0.06638687397822868,0.06054963916540146,0.031213170978788073,-0.43231821060180664,-0.18757396195762235,-0.4271245002746582,0.13813223652177575,-1.2726069688796997,-0.35092817495899825,-0.13325603306293488,0.11963094275182176,0.1511370986700058,-0.042449595759917844,-0.10434108972549438,0.0214881120125499,-0.06224437057971954,-0.14965026604662593,-0.1280987560749054,-0.08223369051404708
42,8,1988,Alloy454 10,near_001,2.338456392288208,2.4624404907226562,0.9046429395675659,3.12923066304182,1.1078157424926758,0.19152856522244968,-0.2102525383234024,-0.014166822111826141,0.4078821539878845,-0.12879516209781827,-1.9079928398132324,-0.9265254849549458,1.0832090377807617,-0.3812909639677198,1.2109013795852661,0.7587888571323108,-1.5407733917236328,-0.1789149704536761,0.722314178943634,0.04756493347481371,0.838415265083313,-0.9754391226224594,0.9217944741249084,-1.0738129871030069,-0.8700568675994873,-0.030076292698672975
43,8,1988,Alloy454 11,near_001,2.5599067211151123,2.4552783966064453,0.9046429395675659,3.072567550848906,1.1078157424926758,0.14086324646319315,-0.2102525383234024,-0.011081677268222028,0.4078821539878845,-0.12298225445700618,-1.9079928398132324,-0.9288457576910661,1.0832090377807617,-0.3835897977178037,1.200457215309143,0.7054699932422384,-1.2663148641586304,-0.1366080296484075,0.6997550129890442,0.046650746494035895,0.8839956521987915,-0.9689209677548197,0.9217944741249084,-1.0562201246018355,-0.8700568675994873,-0.032759494601856884
73,8,1988,CMSX2 39,interior,2.7403626441955566,2.8661327362060547,0.9046429395675659,3.185063417371407,0.5260230898857117,0.04925433314068557,-0.9553549885749817,-0.46761591490869514,0.8162609934806824,-0.47405342329461997,0.0010436640586704016,0.018860542857096575,0.25623953342437744,-0.11623602083409568,1.0364530086517334,0.9200382650433664,-0.39013636112213135,-0.08793138602146915,0.03146452456712723,0.0212582646552296,0.9851543307304382,-1.1530242989337252,0.8912816047668457,-1.043805538054352,-0.8700568675994873,-0.040106983459757356
81,8,1988,CMSX2 47,near_111,1.4471579790115356,1.4937419891357422,0.9046429395675659,2.510998924438516,0.5260230898857117,-0.13190734542401344,-0.9553549885749817,-0.4542605535378289,0.8162609934806824,-0.45404621591276384,0.0010436640586704016,0.04424818483606757,0.25623953342437744,-0.13843828900418031,-1.2490260601043701,-0.6474809784160158,-0.0038686126936227083,0.07490830020751367,0.2904788851737976,0.00559969077252375,0.5050153136253357,-0.6427797702688772,0.8912816047668457,-0.9486015837449299,-0.8700568675994873,-0.0067620711313109115
85,8,1988,CMSX2 51,near_011,0.9542425274848938,1.0156135559082031,0.9046429395675659,2.7332954165717522,0.5260230898857117,0.08960556560009378,-0.9553549885749817,-0.43192945580678854,0.8162609934806824,-0.42667964759737415,0.0010436640586704016,0.11180725892899139,0.25623953342437744,-0.0773805479180943,-0.6132707595825195,-0.9188521640193078,1.4223463535308838,0.0877990130103003,-0.05937720462679863,-0.008823326956053385,0.8921263813972473,-1.2277536866360983,0.8912816047668457,-1.0530302843614827,-0.8700568675994873,-0.03337259312256628
90,8,mackay,D,interior,1.5682017803192139,1.5476551055908203,0.758808970451355,2.585342465450444,-2.0338642597198486,-0.22477535607954402,-1.0230915546417236,-0.5307290895462602,0.9467737674713135,-0.7114554653145526,-0.41540729999542236,-0.2715844489905762,0.17205701768398285,-0.07607580374392053,1.1493711471557617,0.546071886863521,-0.7739885449409485,-0.007784909287033779,0.5487533211708069,0.008091402782877725,0.8944607377052307,-1.0026178921069104,0.7921149134635925,-0.8868986758883528,-0.7546411752700806,-0.038423417242616394
101,8,mackay,P,near_001,1.8692317008972168,1.7267990112304688,0.758808970451355,2.738191444103204,-1.2193546295166016,-0.11391507825634026,-1.0230915546417236,-0.5663782299306545,0.9467737674713135,-0.7614954339555724,-0.41540729999542236,-0.32012745940834786,0.17205701768398285,-0.04125296905618605,1.1973093748092651,0.6731854657850554,-1.3221791982650757,-0.10543031958762077,0.6540641188621521,0.03368667114231608,0.8103579878807068,-1.0039875142653942,0.7921149134635925,-0.9336792895085145,-0.7546411752700806,-0.03498058141478674
119,8,G.M. Han et al.,B ,near_001,2.6522462368011475,2.7405929565429688,0.9046429395675659,2.963991215984972,0.5260230898857117,0.023171958239817075,-0.9553549885749817,-0.4584845620139679,0.9804545044898987,-0.5856083608436883,-0.572030782699585,-0.31835302669203686,-0.8975563049316406,0.39403844797557824,1.1790965795516968,1.0624144814464191,-1.1374311447143555,-0.2212540884936444,0.5695409774780273,0.07780797865434319,0.958297610282898,-1.0605312025904843,1.043845772743225,-1.1730930158487465,-0.8700568675994873,-0.012920842081047863
131,8,G.M. Han et al.,P,near_111,1.3010300397872925,1.369100570678711,0.9046429395675659,2.9604233355080516,0.5260230898857117,-0.11577121993388893,-0.9553549885749817,-0.4412935828108122,0.9804545044898987,-0.534698607858774,-0.572030782699585,-0.26053919480135534,-0.8975563049316406,0.3635956472698578,-1.069093942642212,-0.41393162888828783,0.04508587718009949,0.048946850765121536,-0.43783947825431824,-0.028663284024541432,0.6286296844482422,-1.0093563748458674,1.043845772743225,-1.2696494157024838,-0.8700568675994873,-0.0283553297710899
141,8,G.M. Han et al.,I,interior,2.2304489612579346,2.2154769897460938,-1.4212154150009155,-4.208647779210262,0.5260230898857117,-0.014079306975450406,1.1541558504104614,0.39447867281275756,-1.3053617477416992,0.5851437334843362,1.448111891746521,0.6580198679273593,0.8653249144554138,-0.2968509097895893,0.458000510931015,0.17957533014972488,0.2449800670146942,0.0675138027213698,-1.2705655097961426,-0.04154413681454116,-1.1153428554534912,1.200843133424548,-1.3399691581726074,1.3824755182662989,1.4382573366165161,0.09446805175568049
151,8,G.M. Han et al.,T,near_011,2.1172711849212646,2.036823272705078,-1.4212154150009155,-3.899786665205559,0.5260230898857117,0.0038183101644937312,1.1541558504104614,0.3044094806961629,-1.3053617477416992,0.4612380586492966,1.448111891746521,0.5491822904669065,0.8653249144554138,-0.2591242781919884,-0.6426467895507812,-0.3369990936221784,1.4799998998641968,0.09758218389591326,0.41066816449165344,0.03947193141214764,-1.2557350397109985,1.5104773869307682,-1.3399691581726074,1.3562221582287604,1.4382573366165161,0.08708972544137404
160,8,Wang et al.,SC 6,near_111,2.7181694507598877,2.7454700469970703,-1.796207308769226,-4.509534429850026,0.5260230898857117,-0.028501738078782413,2.3734142780303955,0.42911278234687167,-2.2589473724365234,0.43040386942452213,1.0932989120483398,0.36590372241681296,-0.328086256980896,0.06291033654985931,-1.5637390613555908,-0.344317892157044,-0.5212613344192505,0.022690522896666624,0.7335173487663269,0.022707691004084145,-2.5339486598968506,2.5690179060651657,-1.5878859758377075,1.3822098779548297,1.9328961372375488,0.16014649001380463
161,8,CMSX4_Table1_Lukas,I- CMSX-4,near_011,1.902546763420105,1.951517105102539,0.030576761811971664,0.5537030638774693,0.5260230898857117,0.04908310123029624,0.11875374615192413,0.12369011176862317,0.13185805082321167,0.0903708164852665,-0.5585968494415283,-0.27165337558667435,-1.219430685043335,0.28323602750514976,-0.7111382484436035,-0.617753738124264,1.482237458229065,-0.05247579093876835,0.7335173487663269,0.0983353980318291,0.2359684407711029,-0.32900529918206073,-0.06224437057971954,-0.036419782111029336,-0.1280987560749054,-0.07809028244647173
166,8,Lukas et al,Fig2a_CMSX4_1,near_011,1.707570195198059,1.7608585357666016,0.030576761811971664,0.34315289921153136,1.1078157424926758,0.2070683454997081,0.11875374615192413,0.12985677819818356,0.13185805082321167,0.10045455721593786,-0.5585968494415283,-0.21686377308404384,-1.219430685043335,0.2512073437029445,-0.7111382484436035,-0.5942482668787152,1.482237458229065,-0.003725582981380198,0.7335173487663269,0.10995580797317821,0.3719843029975891,-0.3950815131991115,0.1360890418291092,-0.16594608383158088,-0.1280987560749054,-0.06430318544319419
175,8,Lukas et al,Fig2b_CM186LC_6,near_111,3.490941286087036,3.5707855224609375,0.030576761811971664,0.5362555363650321,-0.05576946586370468,-0.041530956994657565,-0.13283929228782654,0.02297927568342585,0.3697282075881958,-0.03725206673959305,-0.30761998891830444,-0.18176021161611694,-1.4274110794067383,0.45132827826964617,-1.5637016296386719,-0.5566339793732973,-0.5213053226470947,0.07226485703736574,0.7335173487663269,0.004597593122367357,-0.611118733882904,0.8474181798866074,-0.4245842397212982,0.4168998320277052,-0.1280987560749054,-0.08841692317043554
184,8,leng et al,B,interior,2.096909999847412,2.288919448852539,0.4980693757534027,1.6910957211664621,0.5260230898857117,0.02417410161289069,-0.08445601165294647,0.06022179598264937,0.8223130106925964,-0.3204256662963795,-1.1912546157836914,-0.8233945109513107,-2.343514919281006,0.8625401466477258,1.1525235176086426,0.9112513209293078,-1.1213539838790894,-0.12067182520196901,0.44450753927230835,0.05572077630075427,0.9262818694114685,-1.0161900921711926,0.9294226765632629,-1.0263110136125104,-0.5402977466583252,-0.04813144805794093
3,9,1988,CMSX2 4,interior,2.7291648387908936,1.8158321380615234,-1.5212433338165283,-4.201653343149764,-1.2156481742858887,-0.27403726294054115,1.3287365436553955,0.40656866691536614,-1.528029203414917,0.43374675091012355,1.7610130310058594,0.5013223894148807,1.031917929649353,-0.2820939954920818,-0.25198403000831604,-0.242410745891374,1.4503065347671509,-0.1008364578656797,0.7245019674301147,0.05031467673101672,-1.5998754501342773,2.13685212296709,-1.5413293838500977,1.5279201330687715,1.556593418121338,0.050082057913238304
19,9,1988,Alloy454 2,interior,2.3222193717956543,2.424436569213867,-1.0397207736968994,-3.186515872581114,1.1011700630187988,0.14363825047203843,1.367979884147644,0.6121476028391437,-1.1867094039916992,0.5118498583168288,-0.03487199917435646,-0.031903591750016294,1.8002433776855469,-0.5501361682726371,0.8970049023628235,0.35002741507390367,-0.15282967686653137,-0.08912427695899064,-0.4988481104373932,0.07079911606881248,-0.8284834623336792,1.0492966456415163,-1.2337735891342163,1.244023757244505,0.9728831052780151,0.11775708973434476
38,9,1988,MXON 13,interior,1.4149733781814575,1.7686347961425781,0.013776049949228764,-0.1311346382319003,-0.5206027030944824,-0.03270821641721844,-0.2606225609779358,0.0561978928037197,0.039552465081214905,0.13823345509822443,-0.4207989275455475,-0.11638511329174603,-0.39568030834198,0.138338496342948,-0.88090980052948,-0.44265291796337636,1.0045311450958252,0.04587305398501119,0.4340282678604126,0.01602090763410756,0.2629942297935486,-0.16702180354324483,-0.08043941110372543,0.154820670569122,-0.11115020513534546,0.10013676338505836
39,9,1988,MXON 14,interior,2.15836238861084,1.9524803161621094,0.013776049949228764,-0.3992048569777436,-0.5206027030944824,0.018964573350891818,-0.2606225609779358,0.11483055780152211,0.039552465081214905,0.2075616038044302,-0.4207989275455475,-0.12519448169126982,-0.39568030834198,0.13992742653323426,-1.0663294792175293,-0.5965008585283889,0.5645357370376587,0.027869290420159062,0.4504096806049347,0.02041768296958622,0.1338840276002884,0.171204045623843,-0.08043941110372543,0.2375203201128331,-0.11115020513534546,0.12363811982310643
45,9,1988,Alloy454 13,interior,2.5440680980682373,2.3496742248535156,0.8984272480010986,2.453787912457183,1.1011700630187988,0.19238528045062456,-0.19194655120372772,0.20132487715105093,0.38908079266548157,0.04008240871457527,-1.9110387563705444,-0.8500182684496707,1.1161859035491943,-0.3451359625073643,0.8612539172172546,0.5577909823850431,-0.3248295187950134,-0.09029390388137265,0.5432264804840088,-0.009876240347210345,0.9440699815750122,-1.0423577058649955,0.9114280343055725,-0.7991540518630121,-0.8616347908973694,-0.04204232887294917
47,9,1988,Alloy454 16,interior,2.509202480316162,2.3080711364746094,0.8984272480010986,2.4559128684860947,1.1011700630187988,0.4056501267837589,-0.19194655120372772,0.19779946918161645,0.38908079266548157,0.02729547670399065,-1.9110387563705444,-0.9252448000977108,1.1161859035491943,-0.30148674968604444,0.47978901863098145,0.2580296111287393,0.9643082022666931,0.30877140980019663,0.22196489572525024,-0.0007731692009790744,1.0556315183639526,-1.2700776697925271,0.9114280343055725,-0.8367983131747464,-0.8616347908973694,-0.08239936964675262
57,9,1988,CMSX2 23,near_111,2.6618127822875977,2.65655517578125,0.8984272480010986,2.500433143383637,-1.2156481742858887,0.320165155517693,-0.9473826289176941,-0.36834304675721813,0.8000413775444031,-0.17673584708241155,0.016840294003486633,0.05534364524011784,0.28837716579437256,-0.037450215698762813,-1.3887617588043213,-0.5392086511019145,-0.1428760439157486,0.00026568418671830073,0.577176034450531,-0.0075563432368499885,0.3960926830768585,-0.3101861752265368,0.8806724548339844,-0.8183435454922613,-0.8616347908973694,-0.03634868334706087
60,9,1988,CMSX2 26,interior,1.1760913133621216,1.406829833984375,0.8984272480010986,2.247912263304874,-1.2156481742858887,0.03756746018779504,-0.9473826289176941,-0.2748326972737673,0.8000413775444031,-0.1681055658236792,0.016840294003486633,0.0651733763370594,0.28837716579437256,-0.007680177464790035,-0.44133052229881287,-0.11019529458471769,0.8655729293823242,-0.39185748204090187,-2.082552433013916,0.03048475031048915,0.8825921416282654,-1.237854159312744,0.8806724548339844,-0.8504286816260276,-0.8616347908973694,-0.07461317359371356
70,9,1988,CMSX2 36,near_001,3.0561423301696777,2.9051780700683594,0.8984272480010986,2.488858887099716,0.521965503692627,0.06467722157012312,-0.9473826289176941,-0.32508971137774473,0.8000413775444031,-0.2565553316819494,0.016840294003486633,0.053391014161496705,0.28837716579437256,-0.0793557892974121,1.1766074895858765,0.8142983978952277,-1.416805624961853,-0.22721618769269333,0.7096190452575684,-0.01817422440116306,0.8189455270767212,-0.9073108240170782,0.8806724548339844,-0.7662407963533916,-0.8616347908973694,-0.07356906055981777
97,9,mackay,L,near_001,1.6127839088439941,1.6530494689941406,0.7508272528648376,2.456597507999825,-1.2156481742858887,-0.1363181140093982,-1.0160586833953857,-0.55665032066312,0.9313793182373047,-0.4745757156888552,-0.4037211239337921,-0.26091894069277755,0.20410922169685364,-0.023117239995483825,1.150666356086731,0.424686417398042,-1.0796024799346924,-0.09759747221612573,0.5854277610778809,0.011250632334160616,0.823925793170929,-0.9737470813162278,0.7807168364524841,-0.7790277930452133,-0.7448927760124207,-0.03466328453355116
100,9,mackay,O,near_001,1.770851969718933,1.7791481018066406,0.7508272528648376,2.469317897515516,-1.2156481742858887,-0.08106497099806492,-1.0160586833953857,-0.5225255984813735,0.9313793182373047,-0.42615583496775883,-0.4037211239337921,-0.25071994637314404,0.20410922169685364,-0.07308789280773556,1.1765601634979248,0.43864295119489705,-1.458670973777771,-0.006566159646104606,0.7037619948387146,-0.001958305637686361,0.7632957100868225,-0.9323956184239925,0.7807168364524841,-0.8292456611682837,-0.7448927760124207,-0.01958136035746755
115,9,Gunturi et al.,CMSX-04 -9,interior,0.6989700198173523,0.7054367065429688,1.0063289403915405,3.0211692855243593,0.521965503692627,0.05758301123952071,-0.5843808650970459,-0.14934805910059284,0.8458507657051086,-0.24376920433657076,-1.3725285530090332,-0.5786664286645005,-1.7588382959365845,0.29074084280278584,-0.4996359050273895,-0.46635774090178717,1.1156975030899048,-0.43884363797689785,-1.3899834156036377,-0.07798296330936932,0.9107201099395752,-1.6052717450860385,0.8806724548339844,-1.1083574750911847,-0.9450219869613647,-0.09735822271187342
120,9,G.M. Han et al.,C ,interior,2.638489246368408,2.7349891662597656,0.8984272480010986,2.254995674994131,0.521965503692627,0.02335791620309635,-0.9473826289176941,-0.2969093536756857,0.9652729630470276,-0.319399287208587,-0.5618904829025269,-0.24016040603588315,-0.8665894269943237,0.36710967028938307,1.0929124355316162,0.9358209491124844,-0.4776354432106018,-0.09162849891597011,0.7245019674301147,-0.027237803262960374,1.0236080884933472,-1.140167780593233,1.0344502925872803,-0.8183561114882949,-0.8616347908973694,-0.06897797952194536
138,9,G.M. Han et al.,F,interior,2.2430379390716553,2.3095779418945312,-1.4555975198745728,-4.667125137278228,0.521965503692627,0.06590132590883722,1.1913844347000122,0.4487203153264614,-1.3349941968917847,0.5101705228481973,1.4781913757324219,0.6718155325497932,0.898080587387085,-0.3104187579466568,0.8518595099449158,0.4397577858282286,0.13108140230178833,0.057646891117063975,-0.40553542971611023,0.07086487262773164,-1.0506105422973633,1.362312055064131,-1.3683292865753174,1.3911462163937853,1.4732061624526978,0.03160952223980996
147,9,G.M. Han et al.,O,near_011,1.732393741607666,2.031553268432617,-1.4555975198745728,-4.483934187574364,0.521965503692627,0.045415354477759635,1.1913844347000122,0.4691199034792811,-1.3349941968917847,0.47069600289362723,1.4781913757324219,0.5395045305106495,0.898080587387085,-0.21248592852247916,-0.6267663836479187,-0.46051636880949837,1.4942307472229004,0.248607010113389,0.028135793283581734,0.011187680866557893,-1.2190133333206177,1.811542953102711,-1.3683292865753174,1.4391375203309837,1.4732061624526978,0.06333825682117146
153,9,G.M. Han et al.,[011],near_011,2.1172711849212646,2.113525390625,-1.4555975198745728,-3.983570490504141,0.521965503692627,0.03354157959057019,1.1913844347000122,0.36521369987453467,-1.3349941968917847,0.34085125009113004,1.4781913757324219,0.44103890398833073,0.898080587387085,-0.1783760658745141,-0.718070387840271,-0.3979130875486159,1.5129871368408203,0.2687358796024583,0.7245019674301147,0.008687276546185632,-1.289443016052246,1.6523106285385132,-1.3683292865753174,1.2909727636855137,1.4732061624526978,0.010688789437237665
176,9,Lukas et al,Fig2b_CMSX4_1,near_111,1.732393741607666,2.0265445709228516,0.013776049949228764,-0.1600766829423093,1.1011700630187988,-0.020807402648290382,0.1416226327419281,0.28656448862970274,0.11131168901920319,0.10443959678349929,-0.5483239889144897,-0.19124418225011877,-1.1887904405593872,0.3484996804646761,-1.5591713190078735,-0.6175237032426097,-0.47266054153442383,-0.00021315218118443059,0.7245019674301147,0.04254380772282466,-0.07615314424037933,0.3158489787734275,0.3116942346096039,-0.2849052030695523,-0.11115020513534546,0.0966983249251782
181,9,Lukas et al,Fig2b_CMSX4_6,near_111,3.4782779216766357,3.2258052825927734,0.013776049949228764,-0.11537979918578763,1.1011700630187988,-0.01704152280121555,0.1416226327419281,0.27589085879650443,0.11131168901920319,0.09046933095755366,-0.5483239889144897,-0.2109570645996479,-1.1887904405593872,0.393213781347764,-1.5591713190078735,-0.6567786574844636,-0.47266054153442383,-0.027603334692399208,0.7245019674301147,0.04657718959077507,-0.4613052308559418,0.8629897496130496,-0.2572839856147766,0.33101709454257394,-0.11115020513534546,0.1008950442726341
188,9,leng et al,F,interior,2.2787535190582275,2.2498722076416016,-1.8351305723190308,-6.076582128002566,0.521965503692627,-0.00423631211565171,2.6532022953033447,0.9516714027507102,-2.0703277587890625,0.6089568494893335,1.2521895170211792,0.6280873237412291,-0.8219770193099976,0.3062725373952366,0.9683334231376648,0.31771253533748195,-1.8592532873153687,0.10655100609433246,0.6774627566337585,-0.05182424163031674,-1.314441204071045,1.7697782557214725,-1.4759738445281982,1.5499356969704734,1.9735292196273804,-0.03855642523846966
